"1509439509418","0.682739257812500000000000000000","-0.492309570312500000000000000000","0.478515625000000000000000000000"
"1509439509418","0.686645507812500000000000000000","-0.493774414062500000000000000000","0.478515625000000000000000000000"
"1509439509418","0.685546875000000000000000000000","-0.495971679687500000000000000000","0.479614257812500000000000000000"
"1509439509454","0.682128906250000000000000000000","-0.496582031250000000000000000000","0.480224609375000000000000000000"
"1509439509454","0.682128906250000000000000000000","-0.496215820312500000000000000000","0.482299804687500000000000000000"
"1509439509454","0.682983398437500000000000000000","-0.493652343750000000000000000000","0.484985351562500000000000000000"
"1509439509456","0.684082031250000000000000000000","-0.499389648437500000000000000000","0.481445312500000000000000000000"
"1509439509456","0.683959960937500000000000000000","-0.497558593750000000000000000000","0.477783203125000000000000000000"
"1509439509456","0.679565429687500000000000000000","-0.499877929687500000000000000000","0.478271484375000000000000000000"
"1509439509458","0.687133789062500000000000000000","-0.495971679687500000000000000000","0.479858398437500000000000000000"
"1509439509458","0.687988281250000000000000000000","-0.498657226562500000000000000000","0.475830078125000000000000000000"
"1509439509458","0.686889648437500000000000000000","-0.496215820312500000000000000000","0.477783203125000000000000000000"
"1509439509478","0.681762695312500000000000000000","-0.497436523437500000000000000000","0.482299804687500000000000000000"
"1509439509478","0.680786132812500000000000000000","-0.499755859375000000000000000000","0.480102539062500000000000000000"
"1509439509478","0.682250976562500000000000000000","-0.497558593750000000000000000000","0.480590820312500000000000000000"
"1509439509509","0.679687500000000000000000000000","-0.496215820312500000000000000000","0.481811523437500000000000000000"
"1509439509509","0.676147460937500000000000000000","-0.497802734375000000000000000000","0.481567382812500000000000000000"
"1509439509509","0.679931640625000000000000000000","-0.499389648437500000000000000000","0.479492187500000000000000000000"
"1509439509534","0.680786132812500000000000000000","-0.497924804687500000000000000000","0.479614257812500000000000000000"
"1509439509534","0.678588867187500000000000000000","-0.497558593750000000000000000000","0.483764648437500000000000000000"
"1509439509534","0.679565429687500000000000000000","-0.498413085937500000000000000000","0.482910156250000000000000000000"
"1509439509567","0.679077148437500000000000000000","-0.498168945312500000000000000000","0.485839843750000000000000000000"
"1509439509567","0.681274414062500000000000000000","-0.499389648437500000000000000000","0.488769531250000000000000000000"
"1509439509567","0.691284179687500000000000000000","-0.500732421875000000000000000000","0.497314453125000000000000000000"
"1509439509601","0.690429687500000000000000000000","-0.504516601562500000000000000000","0.495849609375000000000000000000"
"1509439509601","0.694335937500000000000000000000","-0.503417968750000000000000000000","0.496704101562500000000000000000"
"1509439509601","0.684326171875000000000000000000","-0.503906250000000000000000000000","0.493652343750000000000000000000"
"1509439509624","0.682250976562500000000000000000","-0.506958007812500000000000000000","0.497802734375000000000000000000"
"1509439509624","0.684692382812500000000000000000","-0.510253906250000000000000000000","0.510620117187500000000000000000"
"1509439509624","0.683959960937500000000000000000","-0.514038085937500000000000000000","0.522094726562500000000000000000"
"1509439509657","0.678344726562500000000000000000","-0.516601562500000000000000000000","0.529663085937500000000000000000"
"1509439509657","0.680053710937500000000000000000","-0.519042968750000000000000000000","0.539184570312500000000000000000"
"1509439509657","0.676635742187500000000000000000","-0.520507812500000000000000000000","0.544433593750000000000000000000"
"1509439509690","0.668090820312500000000000000000","-0.520874023437500000000000000000","0.551879882812500000000000000000"
"1509439509690","0.665161132812500000000000000000","-0.524658203125000000000000000000","0.555541992187500000000000000000"
"1509439509690","0.665161132812500000000000000000","-0.522460937500000000000000000000","0.562500000000000000000000000000"
"1509439509715","0.670043945312500000000000000000","-0.521484375000000000000000000000","0.566894531250000000000000000000"
"1509439509715","0.682006835937500000000000000000","-0.524780273437500000000000000000","0.562011718750000000000000000000"
"1509439509715","0.688842773437500000000000000000","-0.528442382812500000000000000000","0.565551757812500000000000000000"
"1509439509749","0.685668945312500000000000000000","-0.530883789062500000000000000000","0.573120117187500000000000000000"
"1509439509749","0.693481445312500000000000000000","-0.533935546875000000000000000000","0.578613281250000000000000000000"
"1509439509749","0.717041015625000000000000000000","-0.537475585937500000000000000000","0.586791992187500000000000000000"
"1509439509781","0.710571289062500000000000000000","-0.538696289062500000000000000000","0.593750000000000000000000000000"
"1509439509781","0.691650390625000000000000000000","-0.538696289062500000000000000000","0.601196289062500000000000000000"
"1509439509781","0.676391601562500000000000000000","-0.537841796875000000000000000000","0.615112304687500000000000000000"
"1509439509827","0.663330078125000000000000000000","-0.537109375000000000000000000000","0.633911132812500000000000000000"
"1509439509827","0.665893554687500000000000000000","-0.538940429687500000000000000000","0.639892578125000000000000000000"
"1509439509827","0.646484375000000000000000000000","-0.548339843750000000000000000000","0.628051757812500000000000000000"
"1509439509858","0.651855468750000000000000000000","-0.546752929687500000000000000000","0.644775390625000000000000000000"
"1509439509858","0.594360351562500000000000000000","-0.541625976562500000000000000000","0.641967773437500000000000000000"
"1509439509858","0.551635742187500000000000000000","-0.546142578125000000000000000000","0.606933593750000000000000000000"
"1509439509881","0.571411132812500000000000000000","-0.543334960937500000000000000000","0.604980468750000000000000000000"
"1509439509881","0.554199218750000000000000000000","-0.546264648437500000000000000000","0.608886718750000000000000000000"
"1509439509881","0.470581054687500000000000000000","-0.544189453125000000000000000000","0.593383789062500000000000000000"
"1509439509906","0.440063476562500000000000000000","-0.539672851562500000000000000000","0.607910156250000000000000000000"
"1509439509906","0.437377929687500000000000000000","-0.538452148437500000000000000000","0.609252929687500000000000000000"
"1509439509906","0.395751953125000000000000000000","-0.542846679687500000000000000000","0.614624023437500000000000000000"
"1509439509928","0.342529296875000000000000000000","-0.548828125000000000000000000000","0.616333007812500000000000000000"
"1509439509928","0.342773437500000000000000000000","-0.552001953125000000000000000000","0.590698242187500000000000000000"
"1509439509928","0.331909179687500000000000000000","-0.565185546875000000000000000000","0.565551757812500000000000000000"
"1509439509962","0.300292968750000000000000000000","-0.547973632812500000000000000000","0.541870117187500000000000000000"
"1509439509962","0.248901367187500000000000000000","-0.583251953125000000000000000000","0.480346679687500000000000000000"
"1509439509962","0.244140625000000000000000000000","-0.573608398437500000000000000000","0.457763671875000000000000000000"
"1509439509994","0.272460937500000000000000000000","-0.559326171875000000000000000000","0.455932617187500000000000000000"
"1509439509994","0.256713867187500000000000000000","-0.559326171875000000000000000000","0.457153320312500000000000000000"
"1509439509994","0.238525390625000000000000000000","-0.588867187500000000000000000000","0.445800781250000000000000000000"
"1509439510027","0.239746093750000000000000000000","-0.593994140625000000000000000000","0.432617187500000000000000000000"
"1509439510027","0.252319335937500000000000000000","-0.627807617187500000000000000000","0.402465820312500000000000000000"
"1509439510027","0.286254882812500000000000000000","-0.611206054687500000000000000000","0.394897460937500000000000000000"
"1509439510052","0.285766601562500000000000000000","-0.634033203125000000000000000000","0.381713867187500000000000000000"
"1509439510052","0.291381835937500000000000000000","-0.631713867187500000000000000000","0.368041992187500000000000000000"
"1509439510052","0.290771484375000000000000000000","-0.642944335937500000000000000000","0.360595703125000000000000000000"
"1509439510086","0.310058593750000000000000000000","-0.652099609375000000000000000000","0.322753906250000000000000000000"
"1509439510086","0.346069335937500000000000000000","-0.655639648437500000000000000000","0.299194335937500000000000000000"
"1509439510086","0.457641601562500000000000000000","-0.648559570312500000000000000000","0.311889648437500000000000000000"
"1509439510118","0.502197265625000000000000000000","-0.643310546875000000000000000000","0.293334960937500000000000000000"
"1509439510118","0.534790039062500000000000000000","-0.643554687500000000000000000000","0.255493164062500000000000000000"
"1509439510118","0.584350585937500000000000000000","-0.635009765625000000000000000000","0.208984375000000000000000000000"
"1509439510151","0.644287109375000000000000000000","-0.634155273437500000000000000000","0.148803710937500000000000000000"
"1509439510151","0.703857421875000000000000000000","-0.635742187500000000000000000000","0.098266601562500000000000000000"
"1509439510151","0.786132812500000000000000000000","-0.629516601562500000000000000000","0.070312500000000000000000000000"
"1509439510176","0.879760742187500000000000000000","-0.618774414062500000000000000000","0.015991210937500000000000000000"
"1509439510176","1.021850585937500000000000000000","-0.615966796875000000000000000000","-0.017333984375000000000000000000"
"1509439510176","1.283813476562500000000000000000","-0.597778320312500000000000000000","-0.016235351562500000000000000000"
"1509439510210","1.451782226562500000000000000000","-0.575805664062500000000000000000","-0.038574218750000000000000000000"
"1509439510210","1.535034179687500000000000000000","-0.553588867187500000000000000000","-0.069458007812500000000000000000"
"1509439510210","1.586791992187500000000000000000","-0.499755859375000000000000000000","-0.074096679687500000000000000000"
"1509439510232","1.702392578125000000000000000000","-0.481811523437500000000000000000","-0.013061523437500000000000000000"
"1509439510232","1.805541992187500000000000000000","-0.467041015625000000000000000000","0.055175781250000000000000000000"
"1509439510232","1.819580078125000000000000000000","-0.456420898437500000000000000000","0.141479492187500000000000000000"
"1509439510265","1.760375976562500000000000000000","-0.471191406250000000000000000000","0.373901367187500000000000000000"
"1509439510265","1.560302734375000000000000000000","-0.467041015625000000000000000000","0.769042968750000000000000000000"
"1509439510265","1.275024414062500000000000000000","-0.510009765625000000000000000000","1.268798828125000000000000000000"
"1509439510304","0.751220703125000000000000000000","-0.578491210937500000000000000000","1.558349609375000000000000000000"
"1509439510304","0.166992187500000000000000000000","-0.712890625000000000000000000000","1.355224609375000000000000000000"
"1509439510304","-0.072143554687500000000000000000","-0.689331054687500000000000000000","0.638549804687500000000000000000"
"1509439510335","0.313964843750000000000000000000","-0.285644531250000000000000000000","-0.689208984375000000000000000000"
"1509439510335","1.283569335937500000000000000000","-0.005126953125000000000000000000","-2.640380859375000000000000000000"
"1509439510335","3.341308593750000000000000000000","0.154052734375000000000000000000","-2.593627929687500000000000000000"
"1509439510356","3.999877929687500000000000000000","0.181518554687500000000000000000","-0.961669921875000000000000000000"
"1509439510356","3.264648437500000000000000000000","-0.047973632812500000000000000000","-0.087646484375000000000000000000"
"1509439510356","2.228149414062500000000000000000","-0.117431640625000000000000000000","0.337768554687500000000000000000"
"1509439510388","1.675292968750000000000000000000","0.185302734375000000000000000000","0.809082031250000000000000000000"
"1509439510388","1.117187500000000000000000000000","0.331665039062500000000000000000","0.917236328125000000000000000000"
"1509439510388","0.718139648437500000000000000000","0.216674804687500000000000000000","0.712524414062500000000000000000"
"1509439510427","0.725708007812500000000000000000","0.107788085937500000000000000000","0.513427734375000000000000000000"
"1509439510427","0.757080078125000000000000000000","0.173217773437500000000000000000","0.438354492187500000000000000000"
"1509439510427","0.675903320312500000000000000000","0.149169921875000000000000000000","0.379760742187500000000000000000"
"1509439510446","0.568237304687500000000000000000","0.084838867187500000000000000000","0.320312500000000000000000000000"
"1509439510446","0.501831054687500000000000000000","0.067138671875000000000000000000","0.277709960937500000000000000000"
"1509439510446","0.508300781250000000000000000000","0.023071289062500000000000000000","0.254272460937500000000000000000"
"1509439510478","0.511352539062500000000000000000","-0.022338867187500000000000000000","0.229125976562500000000000000000"
"1509439510478","0.459472656250000000000000000000","-0.095703125000000000000000000000","0.197875976562500000000000000000"
"1509439510478","0.384033203125000000000000000000","-0.162231445312500000000000000000","0.152954101562500000000000000000"
"1509439510511","0.338745117187500000000000000000","-0.209350585937500000000000000000","0.092041015625000000000000000000"
"1509439510511","0.365966796875000000000000000000","-0.287109375000000000000000000000","0.039550781250000000000000000000"
"1509439510511","0.412597656250000000000000000000","-0.364746093750000000000000000000","-0.030029296875000000000000000000"
"1509439510546","0.456054687500000000000000000000","-0.431152343750000000000000000000","-0.109985351562500000000000000000"
"1509439510546","0.486572265625000000000000000000","-0.474487304687500000000000000000","-0.151123046875000000000000000000"
"1509439510546","0.544067382812500000000000000000","-0.486816406250000000000000000000","-0.127685546875000000000000000000"
"1509439510569","0.624267578125000000000000000000","-0.490722656250000000000000000000","-0.079101562500000000000000000000"
"1509439510569","0.735351562500000000000000000000","-0.498779296875000000000000000000","-0.032348632812500000000000000000"
"1509439510569","0.781005859375000000000000000000","-0.501708984375000000000000000000","-0.000122070312500000000000000000"
"1509439510602","0.782714843750000000000000000000","-0.511352539062500000000000000000","0.012207031250000000000000000000"
"1509439510602","0.771118164062500000000000000000","-0.540161132812500000000000000000","0.000244140625000000000000000000"
"1509439510602","0.755004882812500000000000000000","-0.566284179687500000000000000000","0.002075195312500000000000000000"
"1509439510637","0.752563476562500000000000000000","-0.589477539062500000000000000000","0.008911132812500000000000000000"
"1509439510637","0.777221679687500000000000000000","-0.595825195312500000000000000000","0.006225585937500000000000000000"
"1509439510637","0.807983398437500000000000000000","-0.597412109375000000000000000000","0.002563476562500000000000000000"
"1509439510669","0.841796875000000000000000000000","-0.596923828125000000000000000000","0.022705078125000000000000000000"
"1509439510669","0.848754882812500000000000000000","-0.600341796875000000000000000000","0.031860351562500000000000000000"
"1509439510669","0.839843750000000000000000000000","-0.605712890625000000000000000000","0.037963867187500000000000000000"
"1509439510693","0.820068359375000000000000000000","-0.610839843750000000000000000000","0.044067382812500000000000000000"
"1509439510693","0.813598632812500000000000000000","-0.616699218750000000000000000000","0.051391601562500000000000000000"
"1509439510693","0.812866210937500000000000000000","-0.620117187500000000000000000000","0.064819335937500000000000000000"
"1509439510726","0.799072265625000000000000000000","-0.619506835937500000000000000000","0.069091796875000000000000000000"
"1509439510726","0.783569335937500000000000000000","-0.608276367187500000000000000000","0.083007812500000000000000000000"
"1509439510726","0.779174804687500000000000000000","-0.599487304687500000000000000000","0.094482421875000000000000000000"
"1509439510749","0.773559570312500000000000000000","-0.593139648437500000000000000000","0.089965820312500000000000000000"
"1509439510749","0.781982421875000000000000000000","-0.592041015625000000000000000000","0.077880859375000000000000000000"
"1509439510749","0.806518554687500000000000000000","-0.599487304687500000000000000000","0.067382812500000000000000000000"
"1509439510783","0.810058593750000000000000000000","-0.610351562500000000000000000000","0.067871093750000000000000000000"
"1509439510783","0.796997070312500000000000000000","-0.608154296875000000000000000000","0.078002929687500000000000000000"
"1509439510783","0.804809570312500000000000000000","-0.605102539062500000000000000000","0.085815429687500000000000000000"
"1509439510816","0.792846679687500000000000000000","-0.602050781250000000000000000000","0.080200195312500000000000000000"
"1509439510816","0.773925781250000000000000000000","-0.597778320312500000000000000000","0.087524414062500000000000000000"
"1509439510816","0.770751953125000000000000000000","-0.602783203125000000000000000000","0.093017578125000000000000000000"
"1509439510848","0.770874023437500000000000000000","-0.603149414062500000000000000000","0.094604492187500000000000000000"
"1509439510848","0.774780273437500000000000000000","-0.609863281250000000000000000000","0.079223632812500000000000000000"
"1509439510848","0.760498046875000000000000000000","-0.610717773437500000000000000000","0.066040039062500000000000000000"
"1509439510873","0.767822265625000000000000000000","-0.604980468750000000000000000000","0.052124023437500000000000000000"
"1509439510873","0.786987304687500000000000000000","-0.601562500000000000000000000000","0.042358398437500000000000000000"
"1509439510873","0.793823242187500000000000000000","-0.600952148437500000000000000000","0.049316406250000000000000000000"
"1509439510907","0.798828125000000000000000000000","-0.595581054687500000000000000000","0.072021484375000000000000000000"
"1509439510907","0.793090820312500000000000000000","-0.595092773437500000000000000000","0.094116210937500000000000000000"
"1509439510907","0.775756835937500000000000000000","-0.599121093750000000000000000000","0.102050781250000000000000000000"
"1509439510940","0.771240234375000000000000000000","-0.605102539062500000000000000000","0.099975585937500000000000000000"
"1509439510940","0.777587890625000000000000000000","-0.609497070312500000000000000000","0.093750000000000000000000000000"
"1509439510940","0.786010742187500000000000000000","-0.612060546875000000000000000000","0.080322265625000000000000000000"
"1509439510964","0.793701171875000000000000000000","-0.608520507812500000000000000000","0.071289062500000000000000000000"
"1509439510964","0.790161132812500000000000000000","-0.601196289062500000000000000000","0.060180664062500000000000000000"
"1509439510964","0.781127929687500000000000000000","-0.598876953125000000000000000000","0.060913085937500000000000000000"
"1509439511006","0.768798828125000000000000000000","-0.594482421875000000000000000000","0.066650390625000000000000000000"
"1509439511006","0.756591796875000000000000000000","-0.592773437500000000000000000000","0.072631835937500000000000000000"
"1509439511006","0.757202148437500000000000000000","-0.591430664062500000000000000000","0.074829101562500000000000000000"
"1509439511040","0.768554687500000000000000000000","-0.591796875000000000000000000000","0.074218750000000000000000000000"
"1509439511040","0.778076171875000000000000000000","-0.594482421875000000000000000000","0.070922851562500000000000000000"
"1509439511040","0.787963867187500000000000000000","-0.590209960937500000000000000000","0.066894531250000000000000000000"
"1509439511062","0.791259765625000000000000000000","-0.585327148437500000000000000000","0.063598632812500000000000000000"
"1509439511062","0.786254882812500000000000000000","-0.583251953125000000000000000000","0.063354492187500000000000000000"
"1509439511062","0.784423828125000000000000000000","-0.583007812500000000000000000000","0.059692382812500000000000000000"
"1509439511087","0.779785156250000000000000000000","-0.591430664062500000000000000000","0.065185546875000000000000000000"
"1509439511087","0.772460937500000000000000000000","-0.597656250000000000000000000000","0.067871093750000000000000000000"
"1509439511087","0.767944335937500000000000000000","-0.600830078125000000000000000000","0.071655273437500000000000000000"
"1509439511119","0.766479492187500000000000000000","-0.599243164062500000000000000000","0.079711914062500000000000000000"
"1509439511119","0.774536132812500000000000000000","-0.593750000000000000000000000000","0.077514648437500000000000000000"
"1509439511119","0.783203125000000000000000000000","-0.589233398437500000000000000000","0.071289062500000000000000000000"
"1509439511152","0.790893554687500000000000000000","-0.587890625000000000000000000000","0.062622070312500000000000000000"
"1509439511152","0.791625976562500000000000000000","-0.588256835937500000000000000000","0.060180664062500000000000000000"
"1509439511152","0.786499023437500000000000000000","-0.585449218750000000000000000000","0.065429687500000000000000000000"
"1509439511177","0.776977539062500000000000000000","-0.583984375000000000000000000000","0.070922851562500000000000000000"
"1509439511177","0.766845703125000000000000000000","-0.582763671875000000000000000000","0.074096679687500000000000000000"
"1509439511177","0.769531250000000000000000000000","-0.587890625000000000000000000000","0.073608398437500000000000000000"
"1509439511209","0.779296875000000000000000000000","-0.590576171875000000000000000000","0.068237304687500000000000000000"
"1509439511209","0.780029296875000000000000000000","-0.585815429687500000000000000000","0.068969726562500000000000000000"
"1509439511209","0.772338867187500000000000000000","-0.582153320312500000000000000000","0.070190429687500000000000000000"
"1509439511243","0.772460937500000000000000000000","-0.579467773437500000000000000000","0.076904296875000000000000000000"
"1509439511243","0.771240234375000000000000000000","-0.578979492187500000000000000000","0.076049804687500000000000000000"
"1509439511243","0.770019531250000000000000000000","-0.586059570312500000000000000000","0.076538085937500000000000000000"
"1509439511276","0.765380859375000000000000000000","-0.588134765625000000000000000000","0.078369140625000000000000000000"
"1509439511276","0.767456054687500000000000000000","-0.588745117187500000000000000000","0.078979492187500000000000000000"
"1509439511276","0.773437500000000000000000000000","-0.592163085937500000000000000000","0.077514648437500000000000000000"
"1509439511301","0.770141601562500000000000000000","-0.590209960937500000000000000000","0.073730468750000000000000000000"
"1509439511301","0.769409179687500000000000000000","-0.587158203125000000000000000000","0.072631835937500000000000000000"
"1509439511301","0.771972656250000000000000000000","-0.589477539062500000000000000000","0.076171875000000000000000000000"
"1509439511333","0.771850585937500000000000000000","-0.592651367187500000000000000000","0.073242187500000000000000000000"
"1509439511333","0.772094726562500000000000000000","-0.594604492187500000000000000000","0.068969726562500000000000000000"
"1509439511333","0.769897460937500000000000000000","-0.592285156250000000000000000000","0.070434570312500000000000000000"
"1509439511366","0.766845703125000000000000000000","-0.597656250000000000000000000000","0.068603515625000000000000000000"
"1509439511366","0.771972656250000000000000000000","-0.598876953125000000000000000000","0.067626953125000000000000000000"
"1509439511366","0.782104492187500000000000000000","-0.594360351562500000000000000000","0.074096679687500000000000000000"
"1509439511401","0.772094726562500000000000000000","-0.588989257812500000000000000000","0.074218750000000000000000000000"
"1509439511401","0.765502929687500000000000000000","-0.586669921875000000000000000000","0.079467773437500000000000000000"
"1509439511401","0.767333984375000000000000000000","-0.593261718750000000000000000000","0.081542968750000000000000000000"
"1509439511426","0.770141601562500000000000000000","-0.594726562500000000000000000000","0.078735351562500000000000000000"
"1509439511426","0.776000976562500000000000000000","-0.592895507812500000000000000000","0.076049804687500000000000000000"
"1509439511426","0.781616210937500000000000000000","-0.593017578125000000000000000000","0.078735351562500000000000000000"
"1509439511458","0.785888671875000000000000000000","-0.593872070312500000000000000000","0.080322265625000000000000000000"
"1509439511458","0.787719726562500000000000000000","-0.586791992187500000000000000000","0.082275390625000000000000000000"
"1509439511458","0.783081054687500000000000000000","-0.582641601562500000000000000000","0.087158203125000000000000000000"
"1509439511481","0.779418945312500000000000000000","-0.582275390625000000000000000000","0.083496093750000000000000000000"
"1509439511481","0.780395507812500000000000000000","-0.585937500000000000000000000000","0.077758789062500000000000000000"
"1509439511481","0.783203125000000000000000000000","-0.592407226562500000000000000000","0.076538085937500000000000000000"
"1509439511514","0.781738281250000000000000000000","-0.595458984375000000000000000000","0.072509765625000000000000000000"
"1509439511514","0.781372070312500000000000000000","-0.593261718750000000000000000000","0.076782226562500000000000000000"
"1509439511514","0.778320312500000000000000000000","-0.588989257812500000000000000000","0.079589843750000000000000000000"
"1509439511558","0.784667968750000000000000000000","-0.585937500000000000000000000000","0.079711914062500000000000000000"
"1509439511558","0.786254882812500000000000000000","-0.581420898437500000000000000000","0.080200195312500000000000000000"
"1509439511558","0.779785156250000000000000000000","-0.580932617187500000000000000000","0.078857421875000000000000000000"
"1509439511591","0.776245117187500000000000000000","-0.579467773437500000000000000000","0.079589843750000000000000000000"
"1509439511591","0.780395507812500000000000000000","-0.583618164062500000000000000000","0.077026367187500000000000000000"
"1509439511591","0.779296875000000000000000000000","-0.585083007812500000000000000000","0.077880859375000000000000000000"
"1509439511616","0.778808593750000000000000000000","-0.581787109375000000000000000000","0.079101562500000000000000000000"
"1509439511616","0.779174804687500000000000000000","-0.580322265625000000000000000000","0.080322265625000000000000000000"
"1509439511616","0.776611328125000000000000000000","-0.579223632812500000000000000000","0.083862304687500000000000000000"
"1509439511638","0.769897460937500000000000000000","-0.574340820312500000000000000000","0.087646484375000000000000000000"
"1509439511638","0.765380859375000000000000000000","-0.572753906250000000000000000000","0.090332031250000000000000000000"
"1509439511638","0.772583007812500000000000000000","-0.575439453125000000000000000000","0.086181640625000000000000000000"
"1509439511670","0.780029296875000000000000000000","-0.581665039062500000000000000000","0.082031250000000000000000000000"
"1509439511670","0.779663085937500000000000000000","-0.588256835937500000000000000000","0.079223632812500000000000000000"
"1509439511670","0.775390625000000000000000000000","-0.592895507812500000000000000000","0.082275390625000000000000000000"
"1509439511694","0.776000976562500000000000000000","-0.591064453125000000000000000000","0.078002929687500000000000000000"
"1509439511694","0.782104492187500000000000000000","-0.588623046875000000000000000000","0.080444335937500000000000000000"
"1509439511694","0.786865234375000000000000000000","-0.588012695312500000000000000000","0.077636718750000000000000000000"
"1509439511727","0.789062500000000000000000000000","-0.586791992187500000000000000000","0.077758789062500000000000000000"
"1509439511727","0.792358398437500000000000000000","-0.581054687500000000000000000000","0.077636718750000000000000000000"
"1509439511727","0.791625976562500000000000000000","-0.584716796875000000000000000000","0.078125000000000000000000000000"
"1509439511761","0.790039062500000000000000000000","-0.586791992187500000000000000000","0.081665039062500000000000000000"
"1509439511761","0.783447265625000000000000000000","-0.587280273437500000000000000000","0.083862304687500000000000000000"
"1509439511761","0.784545898437500000000000000000","-0.590332031250000000000000000000","0.081787109375000000000000000000"
"1509439511785","0.783691406250000000000000000000","-0.588500976562500000000000000000","0.083618164062500000000000000000"
"1509439511785","0.781127929687500000000000000000","-0.587890625000000000000000000000","0.082641601562500000000000000000"
"1509439511785","0.774291992187500000000000000000","-0.584594726562500000000000000000","0.085083007812500000000000000000"
"1509439511817","0.764526367187500000000000000000","-0.578613281250000000000000000000","0.085571289062500000000000000000"
"1509439511817","0.768798828125000000000000000000","-0.578125000000000000000000000000","0.082885742187500000000000000000"
"1509439511817","0.773315429687500000000000000000","-0.580688476562500000000000000000","0.083618164062500000000000000000"
"1509439511851","0.775390625000000000000000000000","-0.583251953125000000000000000000","0.079956054687500000000000000000"
"1509439511851","0.776000976562500000000000000000","-0.586181640625000000000000000000","0.075195312500000000000000000000"
"1509439511851","0.774047851562500000000000000000","-0.586914062500000000000000000000","0.073486328125000000000000000000"
"1509439511884","0.771972656250000000000000000000","-0.582275390625000000000000000000","0.076171875000000000000000000000"
"1509439511884","0.771118164062500000000000000000","-0.581176757812500000000000000000","0.081787109375000000000000000000"
"1509439511884","0.773681640625000000000000000000","-0.584228515625000000000000000000","0.073364257812500000000000000000"
"1509439511908","0.782592773437500000000000000000","-0.588500976562500000000000000000","0.072021484375000000000000000000"
"1509439511908","0.780883789062500000000000000000","-0.592651367187500000000000000000","0.069091796875000000000000000000"
"1509439511908","0.779541015625000000000000000000","-0.591186523437500000000000000000","0.069824218750000000000000000000"
"1509439511941","0.785034179687500000000000000000","-0.590087890625000000000000000000","0.071899414062500000000000000000"
"1509439511941","0.786621093750000000000000000000","-0.590820312500000000000000000000","0.076904296875000000000000000000"
"1509439511941","0.781738281250000000000000000000","-0.585449218750000000000000000000","0.084228515625000000000000000000"
"1509439511975","0.778198242187500000000000000000","-0.578247070312500000000000000000","0.079467773437500000000000000000"
"1509439511975","0.783569335937500000000000000000","-0.583984375000000000000000000000","0.078735351562500000000000000000"
"1509439511975","0.783081054687500000000000000000","-0.587402343750000000000000000000","0.078613281250000000000000000000"
"1509439511999","0.775390625000000000000000000000","-0.586791992187500000000000000000","0.079711914062500000000000000000"
"1509439511999","0.774414062500000000000000000000","-0.582519531250000000000000000000","0.084716796875000000000000000000"
"1509439511999","0.775024414062500000000000000000","-0.583618164062500000000000000000","0.088378906250000000000000000000"
"1509439512031","0.771850585937500000000000000000","-0.583618164062500000000000000000","0.091674804687500000000000000000"
"1509439512031","0.778076171875000000000000000000","-0.584838867187500000000000000000","0.088256835937500000000000000000"
"1509439512031","0.779663085937500000000000000000","-0.585815429687500000000000000000","0.083007812500000000000000000000"
"1509439512064","0.779418945312500000000000000000","-0.591552734375000000000000000000","0.078735351562500000000000000000"
"1509439512064","0.782958984375000000000000000000","-0.592895507812500000000000000000","0.079345703125000000000000000000"
"1509439512064","0.782958984375000000000000000000","-0.596679687500000000000000000000","0.080444335937500000000000000000"
"1509439512100","0.778198242187500000000000000000","-0.593505859375000000000000000000","0.082031250000000000000000000000"
"1509439512100","0.776611328125000000000000000000","-0.589843750000000000000000000000","0.083129882812500000000000000000"
"1509439512100","0.778076171875000000000000000000","-0.588867187500000000000000000000","0.077270507812500000000000000000"
"1509439512124","0.776489257812500000000000000000","-0.583251953125000000000000000000","0.083496093750000000000000000000"
"1509439512124","0.766723632812500000000000000000","-0.582031250000000000000000000000","0.083251953125000000000000000000"
"1509439512124","0.769165039062500000000000000000","-0.591186523437500000000000000000","0.082397460937500000000000000000"
"1509439512156","0.773071289062500000000000000000","-0.593383789062500000000000000000","0.079467773437500000000000000000"
"1509439512156","0.774291992187500000000000000000","-0.592773437500000000000000000000","0.074096679687500000000000000000"
"1509439512156","0.774047851562500000000000000000","-0.591064453125000000000000000000","0.074462890625000000000000000000"
"1509439512189","0.775878906250000000000000000000","-0.588745117187500000000000000000","0.071166992187500000000000000000"
"1509439512189","0.776733398437500000000000000000","-0.583496093750000000000000000000","0.072387695312500000000000000000"
"1509439512189","0.774291992187500000000000000000","-0.580322265625000000000000000000","0.078735351562500000000000000000"
"1509439512221","0.766967773437500000000000000000","-0.577880859375000000000000000000","0.085449218750000000000000000000"
"1509439512221","0.763183593750000000000000000000","-0.580566406250000000000000000000","0.086303710937500000000000000000"
"1509439512221","0.769775390625000000000000000000","-0.587036132812500000000000000000","0.084838867187500000000000000000"
"1509439512246","0.770385742187500000000000000000","-0.590576171875000000000000000000","0.078125000000000000000000000000"
"1509439512246","0.770751953125000000000000000000","-0.594726562500000000000000000000","0.077148437500000000000000000000"
"1509439512246","0.776733398437500000000000000000","-0.595703125000000000000000000000","0.076904296875000000000000000000"
"1509439512280","0.774291992187500000000000000000","-0.591796875000000000000000000000","0.079223632812500000000000000000"
"1509439512280","0.771606445312500000000000000000","-0.586791992187500000000000000000","0.082519531250000000000000000000"
"1509439512280","0.773071289062500000000000000000","-0.585571289062500000000000000000","0.082519531250000000000000000000"
"1509439512309","0.768432617187500000000000000000","-0.585815429687500000000000000000","0.087036132812500000000000000000"
"1509439512309","0.763183593750000000000000000000","-0.585083007812500000000000000000","0.089355468750000000000000000000"
"1509439512309","0.766357421875000000000000000000","-0.585937500000000000000000000000","0.088989257812500000000000000000"
"1509439512342","0.768920898437500000000000000000","-0.587524414062500000000000000000","0.088623046875000000000000000000"
"1509439512342","0.778442382812500000000000000000","-0.590209960937500000000000000000","0.081054687500000000000000000000"
"1509439512342","0.779785156250000000000000000000","-0.593627929687500000000000000000","0.083007812500000000000000000000"
"1509439512369","0.773071289062500000000000000000","-0.594848632812500000000000000000","0.084960937500000000000000000000"
"1509439512369","0.775512695312500000000000000000","-0.594604492187500000000000000000","0.084838867187500000000000000000"
"1509439512369","0.780883789062500000000000000000","-0.592285156250000000000000000000","0.084350585937500000000000000000"
"1509439512401","0.775878906250000000000000000000","-0.591186523437500000000000000000","0.084228515625000000000000000000"
"1509439512401","0.781616210937500000000000000000","-0.591918945312500000000000000000","0.082275390625000000000000000000"
"1509439512401","0.781738281250000000000000000000","-0.592895507812500000000000000000","0.083374023437500000000000000000"
"1509439512426","0.769042968750000000000000000000","-0.592651367187500000000000000000","0.080688476562500000000000000000"
"1509439512426","0.767456054687500000000000000000","-0.593627929687500000000000000000","0.083984375000000000000000000000"
"1509439512426","0.776611328125000000000000000000","-0.595336914062500000000000000000","0.082519531250000000000000000000"
"1509439512462","0.781860351562500000000000000000","-0.597534179687500000000000000000","0.078735351562500000000000000000"
"1509439512462","0.785400390625000000000000000000","-0.598754882812500000000000000000","0.082397460937500000000000000000"
"1509439512462","0.776367187500000000000000000000","-0.592529296875000000000000000000","0.088623046875000000000000000000"
"1509439512492","0.769042968750000000000000000000","-0.586181640625000000000000000000","0.089355468750000000000000000000"
"1509439512492","0.767944335937500000000000000000","-0.587036132812500000000000000000","0.093383789062500000000000000000"
"1509439512492","0.776000976562500000000000000000","-0.588256835937500000000000000000","0.093750000000000000000000000000"
"1509439512516","0.780883789062500000000000000000","-0.593383789062500000000000000000","0.085815429687500000000000000000"
"1509439512516","0.781005859375000000000000000000","-0.593872070312500000000000000000","0.080444335937500000000000000000"
"1509439512516","0.778198242187500000000000000000","-0.589599609375000000000000000000","0.082519531250000000000000000000"
"1509439512548","0.777709960937500000000000000000","-0.591186523437500000000000000000","0.081665039062500000000000000000"
"1509439512548","0.775512695312500000000000000000","-0.588623046875000000000000000000","0.086059570312500000000000000000"
"1509439512548","0.768676757812500000000000000000","-0.586791992187500000000000000000","0.086914062500000000000000000000"
"1509439512583","0.770141601562500000000000000000","-0.588989257812500000000000000000","0.089843750000000000000000000000"
"1509439512583","0.767578125000000000000000000000","-0.592163085937500000000000000000","0.093139648437500000000000000000"
"1509439512583","0.765380859375000000000000000000","-0.590332031250000000000000000000","0.091674804687500000000000000000"
"1509439512614","0.767578125000000000000000000000","-0.587036132812500000000000000000","0.086791992187500000000000000000"
"1509439512614","0.775390625000000000000000000000","-0.586547851562500000000000000000","0.084228515625000000000000000000"
"1509439512614","0.777343750000000000000000000000","-0.581665039062500000000000000000","0.085327148437500000000000000000"
"1509439512640","0.777099609375000000000000000000","-0.579101562500000000000000000000","0.084106445312500000000000000000"
"1509439512640","0.782836914062500000000000000000","-0.586181640625000000000000000000","0.085693359375000000000000000000"
"1509439512640","0.788330078125000000000000000000","-0.593383789062500000000000000000","0.082153320312500000000000000000"
"1509439512674","0.776489257812500000000000000000","-0.594360351562500000000000000000","0.083251953125000000000000000000"
"1509439512674","0.762939453125000000000000000000","-0.593261718750000000000000000000","0.084228515625000000000000000000"
"1509439512674","0.763305664062500000000000000000","-0.590209960937500000000000000000","0.084838867187500000000000000000"
"1509439512709","0.770874023437500000000000000000","-0.589721679687500000000000000000","0.088134765625000000000000000000"
"1509439512709","0.770874023437500000000000000000","-0.585815429687500000000000000000","0.087158203125000000000000000000"
"1509439512709","0.770629882812500000000000000000","-0.583984375000000000000000000000","0.090698242187500000000000000000"
"1509439512742","0.767944335937500000000000000000","-0.584472656250000000000000000000","0.091308593750000000000000000000"
"1509439512742","0.769653320312500000000000000000","-0.585937500000000000000000000000","0.087402343750000000000000000000"
"1509439512742","0.774169921875000000000000000000","-0.589599609375000000000000000000","0.082519531250000000000000000000"
"1509439512774","0.773071289062500000000000000000","-0.590454101562500000000000000000","0.084106445312500000000000000000"
"1509439512774","0.773437500000000000000000000000","-0.588867187500000000000000000000","0.088623046875000000000000000000"
"1509439512774","0.774291992187500000000000000000","-0.585327148437500000000000000000","0.090332031250000000000000000000"
"1509439512798","0.779296875000000000000000000000","-0.583251953125000000000000000000","0.090087890625000000000000000000"
"1509439512798","0.779174804687500000000000000000","-0.580078125000000000000000000000","0.091186523437500000000000000000"
"1509439512798","0.780273437500000000000000000000","-0.585205078125000000000000000000","0.090454101562500000000000000000"
"1509439512829","0.772460937500000000000000000000","-0.591186523437500000000000000000","0.090332031250000000000000000000"
"1509439512829","0.771118164062500000000000000000","-0.592773437500000000000000000000","0.087402343750000000000000000000"
"1509439512829","0.775146484375000000000000000000","-0.595214843750000000000000000000","0.090209960937500000000000000000"
"1509439512853","0.772949218750000000000000000000","-0.593383789062500000000000000000","0.094970703125000000000000000000"
"1509439512853","0.772583007812500000000000000000","-0.593994140625000000000000000000","0.095947265625000000000000000000"
"1509439512853","0.775756835937500000000000000000","-0.587280273437500000000000000000","0.095092773437500000000000000000"
"1509439512887","0.783813476562500000000000000000","-0.585693359375000000000000000000","0.094604492187500000000000000000"
"1509439512887","0.782714843750000000000000000000","-0.587402343750000000000000000000","0.091674804687500000000000000000"
"1509439512887","0.777221679687500000000000000000","-0.588256835937500000000000000000","0.084716796875000000000000000000"
"1509439512919","0.783813476562500000000000000000","-0.589721679687500000000000000000","0.082275390625000000000000000000"
"1509439512919","0.782470703125000000000000000000","-0.594848632812500000000000000000","0.083374023437500000000000000000"
"1509439512919","0.774291992187500000000000000000","-0.593139648437500000000000000000","0.089111328125000000000000000000"
"1509439512953","0.770141601562500000000000000000","-0.588989257812500000000000000000","0.090942382812500000000000000000"
"1509439512953","0.765625000000000000000000000000","-0.582397460937500000000000000000","0.098266601562500000000000000000"
"1509439512953","0.765747070312500000000000000000","-0.579345703125000000000000000000","0.100585937500000000000000000000"
"1509439512977","0.771728515625000000000000000000","-0.581298828125000000000000000000","0.095581054687500000000000000000"
"1509439512977","0.769775390625000000000000000000","-0.580200195312500000000000000000","0.093750000000000000000000000000"
"1509439512977","0.770019531250000000000000000000","-0.581542968750000000000000000000","0.090576171875000000000000000000"
"1509439513010","0.772705078125000000000000000000","-0.589477539062500000000000000000","0.088500976562500000000000000000"
"1509439513010","0.768432617187500000000000000000","-0.593994140625000000000000000000","0.087890625000000000000000000000"
"1509439513010","0.769287109375000000000000000000","-0.594116210937500000000000000000","0.088623046875000000000000000000"
"1509439513033","0.767211914062500000000000000000","-0.588500976562500000000000000000","0.091064453125000000000000000000"
"1509439513033","0.761474609375000000000000000000","-0.585815429687500000000000000000","0.091064453125000000000000000000"
"1509439513033","0.761230468750000000000000000000","-0.584350585937500000000000000000","0.092285156250000000000000000000"
"1509439513067","0.765991210937500000000000000000","-0.584960937500000000000000000000","0.089965820312500000000000000000"
"1509439513067","0.772949218750000000000000000000","-0.586547851562500000000000000000","0.085815429687500000000000000000"
"1509439513067","0.774902343750000000000000000000","-0.587768554687500000000000000000","0.082153320312500000000000000000"
"1509439513100","0.784179687500000000000000000000","-0.592529296875000000000000000000","0.083374023437500000000000000000"
"1509439513100","0.783203125000000000000000000000","-0.593383789062500000000000000000","0.087280273437500000000000000000"
"1509439513100","0.780639648437500000000000000000","-0.590087890625000000000000000000","0.087768554687500000000000000000"
"1509439513132","0.771850585937500000000000000000","-0.589599609375000000000000000000","0.090698242187500000000000000000"
"1509439513132","0.774291992187500000000000000000","-0.588378906250000000000000000000","0.092773437500000000000000000000"
"1509439513132","0.779052734375000000000000000000","-0.583496093750000000000000000000","0.095458984375000000000000000000"
"1509439513158","0.779907226562500000000000000000","-0.585571289062500000000000000000","0.099609375000000000000000000000"
"1509439513158","0.769897460937500000000000000000","-0.587524414062500000000000000000","0.099365234375000000000000000000"
"1509439513158","0.769287109375000000000000000000","-0.590087890625000000000000000000","0.095336914062500000000000000000"
"1509439513191","0.775634765625000000000000000000","-0.593261718750000000000000000000","0.090942382812500000000000000000"
"1509439513191","0.777221679687500000000000000000","-0.593627929687500000000000000000","0.089721679687500000000000000000"
"1509439513191","0.778320312500000000000000000000","-0.592285156250000000000000000000","0.092407226562500000000000000000"
"1509439513225","0.772949218750000000000000000000","-0.591674804687500000000000000000","0.092041015625000000000000000000"
"1509439513225","0.772460937500000000000000000000","-0.588256835937500000000000000000","0.094726562500000000000000000000"
"1509439513225","0.771972656250000000000000000000","-0.588012695312500000000000000000","0.093994140625000000000000000000"
"1509439513255","0.768188476562500000000000000000","-0.588745117187500000000000000000","0.093139648437500000000000000000"
"1509439513255","0.769531250000000000000000000000","-0.592285156250000000000000000000","0.090576171875000000000000000000"
"1509439513255","0.774902343750000000000000000000","-0.593627929687500000000000000000","0.090332031250000000000000000000"
"1509439513284","0.770996093750000000000000000000","-0.592163085937500000000000000000","0.089477539062500000000000000000"
"1509439513284","0.774169921875000000000000000000","-0.589721679687500000000000000000","0.089599609375000000000000000000"
"1509439513284","0.776977539062500000000000000000","-0.590454101562500000000000000000","0.089599609375000000000000000000"
"1509439513315","0.779174804687500000000000000000","-0.591918945312500000000000000000","0.088623046875000000000000000000"
"1509439513315","0.777343750000000000000000000000","-0.592773437500000000000000000000","0.092285156250000000000000000000"
"1509439513315","0.770629882812500000000000000000","-0.597778320312500000000000000000","0.092529296875000000000000000000"
"1509439513337","0.769042968750000000000000000000","-0.595581054687500000000000000000","0.094848632812500000000000000000"
"1509439513337","0.767089843750000000000000000000","-0.591064453125000000000000000000","0.097778320312500000000000000000"
"1509439513337","0.774780273437500000000000000000","-0.588256835937500000000000000000","0.092285156250000000000000000000"
"1509439513370","0.780517578125000000000000000000","-0.588134765625000000000000000000","0.087646484375000000000000000000"
"1509439513370","0.779418945312500000000000000000","-0.588989257812500000000000000000","0.089355468750000000000000000000"
"1509439513370","0.773193359375000000000000000000","-0.589355468750000000000000000000","0.093139648437500000000000000000"
"1509439513403","0.764160156250000000000000000000","-0.588500976562500000000000000000","0.096191406250000000000000000000"
"1509439513403","0.764404296875000000000000000000","-0.591186523437500000000000000000","0.098022460937500000000000000000"
"1509439513403","0.774169921875000000000000000000","-0.594482421875000000000000000000","0.093261718750000000000000000000"
"1509439513438","0.781860351562500000000000000000","-0.592407226562500000000000000000","0.087646484375000000000000000000"
"1509439513438","0.783935546875000000000000000000","-0.591796875000000000000000000000","0.087646484375000000000000000000"
"1509439513438","0.780151367187500000000000000000","-0.590942382812500000000000000000","0.092651367187500000000000000000"
"1509439513461","0.772094726562500000000000000000","-0.590942382812500000000000000000","0.094848632812500000000000000000"
"1509439513461","0.770385742187500000000000000000","-0.592651367187500000000000000000","0.095214843750000000000000000000"
"1509439513461","0.771118164062500000000000000000","-0.594970703125000000000000000000","0.094482421875000000000000000000"
"1509439513493","0.769653320312500000000000000000","-0.597290039062500000000000000000","0.094116210937500000000000000000"
"1509439513493","0.766235351562500000000000000000","-0.598510742187500000000000000000","0.093017578125000000000000000000"
"1509439513493","0.766845703125000000000000000000","-0.597534179687500000000000000000","0.093750000000000000000000000000"
"1509439513526","0.773803710937500000000000000000","-0.595947265625000000000000000000","0.095825195312500000000000000000"
"1509439513526","0.781250000000000000000000000000","-0.595703125000000000000000000000","0.096435546875000000000000000000"
"1509439513526","0.786376953125000000000000000000","-0.595458984375000000000000000000","0.098388671875000000000000000000"
"1509439513551","0.781250000000000000000000000000","-0.598754882812500000000000000000","0.096557617187500000000000000000"
"1509439513551","0.773681640625000000000000000000","-0.601562500000000000000000000000","0.095458984375000000000000000000"
"1509439513551","0.767822265625000000000000000000","-0.598999023437500000000000000000","0.092407226562500000000000000000"
"1509439513583","0.766967773437500000000000000000","-0.599975585937500000000000000000","0.095214843750000000000000000000"
"1509439513583","0.771240234375000000000000000000","-0.599853515625000000000000000000","0.099853515625000000000000000000"
"1509439513583","0.775268554687500000000000000000","-0.597534179687500000000000000000","0.094726562500000000000000000000"
"1509439513616","0.779785156250000000000000000000","-0.595825195312500000000000000000","0.096069335937500000000000000000"
"1509439513616","0.779296875000000000000000000000","-0.596191406250000000000000000000","0.101928710937500000000000000000"
"1509439513616","0.769287109375000000000000000000","-0.595214843750000000000000000000","0.098144531250000000000000000000"
"1509439513649","0.775756835937500000000000000000","-0.602416992187500000000000000000","0.091918945312500000000000000000"
"1509439513649","0.784912109375000000000000000000","-0.603759765625000000000000000000","0.093627929687500000000000000000"
"1509439513649","0.774047851562500000000000000000","-0.598388671875000000000000000000","0.095092773437500000000000000000"
"1509439513674","0.758300781250000000000000000000","-0.593627929687500000000000000000","0.104980468750000000000000000000"
"1509439513674","0.740600585937500000000000000000","-0.592895507812500000000000000000","0.108154296875000000000000000000"
"1509439513674","0.734252929687500000000000000000","-0.593505859375000000000000000000","0.100830078125000000000000000000"
"1509439513709","0.716674804687500000000000000000","-0.590454101562500000000000000000","0.096923828125000000000000000000"
"1509439513709","0.688842773437500000000000000000","-0.580932617187500000000000000000","0.102416992187500000000000000000"
"1509439513709","0.694335937500000000000000000000","-0.587768554687500000000000000000","0.086791992187500000000000000000"
"1509439513741","0.694580078125000000000000000000","-0.589111328125000000000000000000","0.059570312500000000000000000000"
"1509439513741","0.642822265625000000000000000000","-0.597778320312500000000000000000","0.017944335937500000000000000000"
"1509439513741","0.618164062500000000000000000000","-0.576660156250000000000000000000","0.018676757812500000000000000000"
"1509439513766","0.529052734375000000000000000000","-0.565185546875000000000000000000","-0.014526367187500000000000000000"
"1509439513766","0.528930664062500000000000000000","-0.547119140625000000000000000000","-0.030883789062500000000000000000"
"1509439513766","0.555786132812500000000000000000","-0.548583984375000000000000000000","-0.071289062500000000000000000000"
"1509439513803","0.519165039062500000000000000000","-0.527221679687500000000000000000","-0.119506835937500000000000000000"
"1509439513803","0.597167968750000000000000000000","-0.512939453125000000000000000000","-0.091308593750000000000000000000"
"1509439513803","0.539916992187500000000000000000","-0.460327148437500000000000000000","-0.111572265625000000000000000000"
"1509439513833","0.533203125000000000000000000000","-0.443115234375000000000000000000","-0.140869140625000000000000000000"
"1509439513833","0.537597656250000000000000000000","-0.420288085937500000000000000000","-0.163452148437500000000000000000"
"1509439513833","0.597778320312500000000000000000","-0.353271484375000000000000000000","-0.157714843750000000000000000000"
"1509439513855","0.720458984375000000000000000000","-0.327026367187500000000000000000","-0.150634765625000000000000000000"
"1509439513855","0.712524414062500000000000000000","-0.284912109375000000000000000000","-0.160278320312500000000000000000"
"1509439513855","0.770385742187500000000000000000","-0.257080078125000000000000000000","-0.121459960937500000000000000000"
"1509439513887","0.806274414062500000000000000000","-0.221435546875000000000000000000","-0.073120117187500000000000000000"
"1509439513887","0.817504882812500000000000000000","-0.156127929687500000000000000000","-0.031372070312500000000000000000"
"1509439513887","0.878417968750000000000000000000","-0.099243164062500000000000000000","0.012817382812500000000000000000"
"1509439513922","0.972045898437500000000000000000","-0.040771484375000000000000000000","0.023193359375000000000000000000"
"1509439513922","1.187377929687500000000000000000","0.041625976562500000000000000000","0.032958984375000000000000000000"
"1509439513922","1.442260742187500000000000000000","0.104248046875000000000000000000","0.073730468750000000000000000000"
"1509439513954","1.795166015625000000000000000000","0.154907226562500000000000000000","0.078125000000000000000000000000"
"1509439513954","2.169555664062500000000000000000","0.187988281250000000000000000000","0.047363281250000000000000000000"
"1509439513954","2.479370117187500000000000000000","0.184570312500000000000000000000","-0.071289062500000000000000000000"
"1509439513978","2.583496093750000000000000000000","0.213012695312500000000000000000","-0.224487304687500000000000000000"
"1509439513978","2.553344726562500000000000000000","0.250366210937500000000000000000","-0.298828125000000000000000000000"
"1509439513978","2.267089843750000000000000000000","0.324707031250000000000000000000","-0.273193359375000000000000000000"
"1509439514011","1.840087890625000000000000000000","0.388549804687500000000000000000","-0.234375000000000000000000000000"
"1509439514011","1.642578125000000000000000000000","0.414672851562500000000000000000","-0.087158203125000000000000000000"
"1509439514011","1.522216796875000000000000000000","0.458129882812500000000000000000","0.182983398437500000000000000000"
"1509439514044","1.449218750000000000000000000000","0.437744140625000000000000000000","0.430297851562500000000000000000"
"1509439514044","1.517944335937500000000000000000","0.429321289062500000000000000000","0.489990234375000000000000000000"
"1509439514044","1.663208007812500000000000000000","0.376464843750000000000000000000","0.364868164062500000000000000000"
"1509439514068","1.731445312500000000000000000000","0.169555664062500000000000000000","0.262329101562500000000000000000"
"1509439514068","1.430908203125000000000000000000","0.128051757812500000000000000000","0.043945312500000000000000000000"
"1509439514068","0.813354492187500000000000000000","0.206909179687500000000000000000","-0.140869140625000000000000000000"
"1509439514100","0.797241210937500000000000000000","0.081787109375000000000000000000","-0.189941406250000000000000000000"
"1509439514100","0.994262695312500000000000000000","0.136474609375000000000000000000","0.077148437500000000000000000000"
"1509439514100","0.922363281250000000000000000000","-0.000488281250000000000000000000","0.282958984375000000000000000000"
"1509439514134","0.606689453125000000000000000000","-0.283325195312500000000000000000","0.458740234375000000000000000000"
"1509439514134","1.485107421875000000000000000000","-0.447631835937500000000000000000","0.640625000000000000000000000000"
"1509439514134","1.908691406250000000000000000000","-0.326538085937500000000000000000","0.620849609375000000000000000000"
"1509439514167","2.011108398437500000000000000000","-0.388305664062500000000000000000","0.478271484375000000000000000000"
"1509439514167","2.067993164062500000000000000000","-0.523925781250000000000000000000","0.133911132812500000000000000000"
"1509439514167","1.867675781250000000000000000000","-0.685058593750000000000000000000","-0.085327148437500000000000000000"
"1509439514192","1.628540039062500000000000000000","-0.712890625000000000000000000000","-0.257446289062500000000000000000"
"1509439514192","1.451538085937500000000000000000","-0.736694335937500000000000000000","-0.479003906250000000000000000000"
"1509439514192","1.215087890625000000000000000000","-0.849975585937500000000000000000","-0.592285156250000000000000000000"
"1509439514247","1.091186523437500000000000000000","-0.808959960937500000000000000000","-0.500488281250000000000000000000"
"1509439514247","1.001586914062500000000000000000","-0.724975585937500000000000000000","-0.321044921875000000000000000000"
"1509439514247","0.821289062500000000000000000000","-0.863037109375000000000000000000","-0.186401367187500000000000000000"
"1509439514282","0.635253906250000000000000000000","-0.906250000000000000000000000000","-0.094726562500000000000000000000"
"1509439514282","0.467651367187500000000000000000","-0.860961914062500000000000000000","-0.056030273437500000000000000000"
"1509439514282","0.342407226562500000000000000000","-0.811767578125000000000000000000","-0.041625976562500000000000000000"
"1509439514295","0.252319335937500000000000000000","-0.812377929687500000000000000000","-0.000854492187500000000000000000"
"1509439514295","0.238159179687500000000000000000","-0.816040039062500000000000000000","0.062133789062500000000000000000"
"1509439514295","0.181884765625000000000000000000","-0.800903320312500000000000000000","0.114379882812500000000000000000"
"1509439514326","0.117187500000000000000000000000","-0.802124023437500000000000000000","0.158813476562500000000000000000"
"1509439514326","0.095214843750000000000000000000","-0.818847656250000000000000000000","0.210449218750000000000000000000"
"1509439514326","0.038574218750000000000000000000","-0.805786132812500000000000000000","0.301391601562500000000000000000"
"1509439514359","0.016601562500000000000000000000","-0.823364257812500000000000000000","0.390991210937500000000000000000"
"1509439514359","0.046752929687500000000000000000","-0.836059570312500000000000000000","0.453979492187500000000000000000"
"1509439514359","0.072998046875000000000000000000","-0.832885742187500000000000000000","0.472290039062500000000000000000"
"1509439514406","0.082885742187500000000000000000","-0.829101562500000000000000000000","0.462890625000000000000000000000"
"1509439514406","0.117309570312500000000000000000","-0.830810546875000000000000000000","0.457763671875000000000000000000"
"1509439514406","0.131347656250000000000000000000","-0.832153320312500000000000000000","0.463867187500000000000000000000"
"1509439514437","0.136230468750000000000000000000","-0.835083007812500000000000000000","0.485717773437500000000000000000"
"1509439514437","0.154907226562500000000000000000","-0.833862304687500000000000000000","0.511108398437500000000000000000"
"1509439514437","0.170410156250000000000000000000","-0.837768554687500000000000000000","0.547973632812500000000000000000"
"1509439514462","0.174438476562500000000000000000","-0.834716796875000000000000000000","0.575683593750000000000000000000"
"1509439514462","0.200683593750000000000000000000","-0.832519531250000000000000000000","0.584594726562500000000000000000"
"1509439514462","0.222412109375000000000000000000","-0.824584960937500000000000000000","0.577026367187500000000000000000"
"1509439514472","0.229125976562500000000000000000","-0.821166992187500000000000000000","0.553955078125000000000000000000"
"1509439514472","0.252319335937500000000000000000","-0.818969726562500000000000000000","0.532592773437500000000000000000"
"1509439514472","0.279052734375000000000000000000","-0.811767578125000000000000000000","0.536743164062500000000000000000"
"1509439514515","0.291503906250000000000000000000","-0.809082031250000000000000000000","0.549194335937500000000000000000"
"1509439514515","0.282958984375000000000000000000","-0.808471679687500000000000000000","0.568115234375000000000000000000"
"1509439514515","0.274169921875000000000000000000","-0.808105468750000000000000000000","0.581665039062500000000000000000"
"1509439514539","0.260620117187500000000000000000","-0.805786132812500000000000000000","0.573852539062500000000000000000"
"1509439514539","0.260375976562500000000000000000","-0.802001953125000000000000000000","0.558837890625000000000000000000"
"1509439514539","0.268920898437500000000000000000","-0.794311523437500000000000000000","0.545776367187500000000000000000"
"1509439514586","0.305664062500000000000000000000","-0.768554687500000000000000000000","0.556396484375000000000000000000"
"1509439514586","0.322387695312500000000000000000","-0.771728515625000000000000000000","0.567871093750000000000000000000"
"1509439514586","0.324096679687500000000000000000","-0.770019531250000000000000000000","0.550537109375000000000000000000"
"1509439514622","0.313598632812500000000000000000","-0.766601562500000000000000000000","0.534545898437500000000000000000"
"1509439514622","0.297607421875000000000000000000","-0.765502929687500000000000000000","0.529907226562500000000000000000"
"1509439514622","0.288452148437500000000000000000","-0.766967773437500000000000000000","0.521850585937500000000000000000"
"1509439514654","0.292968750000000000000000000000","-0.768066406250000000000000000000","0.519531250000000000000000000000"
"1509439514654","0.302978515625000000000000000000","-0.766235351562500000000000000000","0.512329101562500000000000000000"
"1509439514654","0.307861328125000000000000000000","-0.766357421875000000000000000000","0.509887695312500000000000000000"
"1509439514687","0.299804687500000000000000000000","-0.762329101562500000000000000000","0.512695312500000000000000000000"
"1509439514687","0.289062500000000000000000000000","-0.762695312500000000000000000000","0.517822265625000000000000000000"
"1509439514687","0.290405273437500000000000000000","-0.764526367187500000000000000000","0.521728515625000000000000000000"
"1509439514710","0.298583984375000000000000000000","-0.765869140625000000000000000000","0.516357421875000000000000000000"
"1509439514710","0.294921875000000000000000000000","-0.765991210937500000000000000000","0.511352539062500000000000000000"
"1509439514710","0.298583984375000000000000000000","-0.765625000000000000000000000000","0.514160156250000000000000000000"
"1509439514745","0.301269531250000000000000000000","-0.768310546875000000000000000000","0.511108398437500000000000000000"
"1509439514745","0.308959960937500000000000000000","-0.774658203125000000000000000000","0.504272460937500000000000000000"
"1509439514745","0.314086914062500000000000000000","-0.777221679687500000000000000000","0.504882812500000000000000000000"
"1509439514775","0.310546875000000000000000000000","-0.776855468750000000000000000000","0.509521484375000000000000000000"
"1509439514775","0.307861328125000000000000000000","-0.777587890625000000000000000000","0.513793945312500000000000000000"
"1509439514775","0.312500000000000000000000000000","-0.775634765625000000000000000000","0.515014648437500000000000000000"
"1509439514800","0.316406250000000000000000000000","-0.775634765625000000000000000000","0.507690429687500000000000000000"
"1509439514800","0.320434570312500000000000000000","-0.773315429687500000000000000000","0.496215820312500000000000000000"
"1509439514800","0.326293945312500000000000000000","-0.773193359375000000000000000000","0.484252929687500000000000000000"
"1509439514832","0.325683593750000000000000000000","-0.775878906250000000000000000000","0.483398437500000000000000000000"
"1509439514832","0.326416015625000000000000000000","-0.775878906250000000000000000000","0.491088867187500000000000000000"
"1509439514832","0.339111328125000000000000000000","-0.778564453125000000000000000000","0.494873046875000000000000000000"
"1509439514866","0.344360351562500000000000000000","-0.780517578125000000000000000000","0.495849609375000000000000000000"
"1509439514866","0.340087890625000000000000000000","-0.780761718750000000000000000000","0.499633789062500000000000000000"
"1509439514866","0.334594726562500000000000000000","-0.782226562500000000000000000000","0.497558593750000000000000000000"
"1509439514890","0.333129882812500000000000000000","-0.779418945312500000000000000000","0.495727539062500000000000000000"
"1509439514890","0.337158203125000000000000000000","-0.778442382812500000000000000000","0.483886718750000000000000000000"
"1509439514890","0.336181640625000000000000000000","-0.773315429687500000000000000000","0.477050781250000000000000000000"
"1509439514923","0.335937500000000000000000000000","-0.770874023437500000000000000000","0.482788085937500000000000000000"
"1509439514923","0.336059570312500000000000000000","-0.772216796875000000000000000000","0.473999023437500000000000000000"
"1509439514923","0.346923828125000000000000000000","-0.771484375000000000000000000000","0.468750000000000000000000000000"
"1509439514956","0.353149414062500000000000000000","-0.766967773437500000000000000000","0.471435546875000000000000000000"
"1509439514956","0.354492187500000000000000000000","-0.770019531250000000000000000000","0.475219726562500000000000000000"
"1509439514956","0.358276367187500000000000000000","-0.771484375000000000000000000000","0.478515625000000000000000000000"
"1509439514988","0.365600585937500000000000000000","-0.771728515625000000000000000000","0.479736328125000000000000000000"
"1509439514988","0.366699218750000000000000000000","-0.774536132812500000000000000000","0.477172851562500000000000000000"
"1509439514988","0.362060546875000000000000000000","-0.777465820312500000000000000000","0.479736328125000000000000000000"
"1509439515013","0.361694335937500000000000000000","-0.775390625000000000000000000000","0.476562500000000000000000000000"
"1509439515013","0.368652343750000000000000000000","-0.776611328125000000000000000000","0.474365234375000000000000000000"
"1509439515013","0.378051757812500000000000000000","-0.777221679687500000000000000000","0.486938476562500000000000000000"
"1509439515046","0.377075195312500000000000000000","-0.774780273437500000000000000000","0.483276367187500000000000000000"
"1509439515046","0.369506835937500000000000000000","-0.775146484375000000000000000000","0.469726562500000000000000000000"
"1509439515046","0.376342773437500000000000000000","-0.768798828125000000000000000000","0.476684570312500000000000000000"
"1509439515079","0.372558593750000000000000000000","-0.770263671875000000000000000000","0.488159179687500000000000000000"
"1509439515079","0.368652343750000000000000000000","-0.775512695312500000000000000000","0.496215820312500000000000000000"
"1509439515079","0.374023437500000000000000000000","-0.777343750000000000000000000000","0.500976562500000000000000000000"
"1509439515112","0.378662109375000000000000000000","-0.777099609375000000000000000000","0.502319335937500000000000000000"
"1509439515112","0.377441406250000000000000000000","-0.778320312500000000000000000000","0.504516601562500000000000000000"
"1509439515112","0.370849609375000000000000000000","-0.777587890625000000000000000000","0.502563476562500000000000000000"
"1509439515138","0.370849609375000000000000000000","-0.773803710937500000000000000000","0.500244140625000000000000000000"
"1509439515138","0.371704101562500000000000000000","-0.770629882812500000000000000000","0.498291015625000000000000000000"
"1509439515138","0.371826171875000000000000000000","-0.767822265625000000000000000000","0.499145507812500000000000000000"
"1509439515170","0.368652343750000000000000000000","-0.766723632812500000000000000000","0.494873046875000000000000000000"
"1509439515170","0.367309570312500000000000000000","-0.765014648437500000000000000000","0.495483398437500000000000000000"
"1509439515170","0.376831054687500000000000000000","-0.765625000000000000000000000000","0.503417968750000000000000000000"
"1509439515193","0.373535156250000000000000000000","-0.767700195312500000000000000000","0.506835937500000000000000000000"
"1509439515193","0.371337890625000000000000000000","-0.765991210937500000000000000000","0.505859375000000000000000000000"
"1509439515193","0.381835937500000000000000000000","-0.761840820312500000000000000000","0.507690429687500000000000000000"
"1509439515229","0.384399414062500000000000000000","-0.757934570312500000000000000000","0.505004882812500000000000000000"
"1509439515229","0.385253906250000000000000000000","-0.756103515625000000000000000000","0.499877929687500000000000000000"
"1509439515229","0.388671875000000000000000000000","-0.752319335937500000000000000000","0.499755859375000000000000000000"
"1509439515259","0.387329101562500000000000000000","-0.750976562500000000000000000000","0.503906250000000000000000000000"
"1509439515259","0.384643554687500000000000000000","-0.747680664062500000000000000000","0.503784179687500000000000000000"
"1509439515259","0.379272460937500000000000000000","-0.749145507812500000000000000000","0.501220703125000000000000000000"
"1509439515293","0.380615234375000000000000000000","-0.746582031250000000000000000000","0.495971679687500000000000000000"
"1509439515293","0.383178710937500000000000000000","-0.744873046875000000000000000000","0.492431640625000000000000000000"
"1509439515293","0.382934570312500000000000000000","-0.741577148437500000000000000000","0.490722656250000000000000000000"
"1509439515317","0.383300781250000000000000000000","-0.743530273437500000000000000000","0.480712890625000000000000000000"
"1509439515317","0.385375976562500000000000000000","-0.743774414062500000000000000000","0.467773437500000000000000000000"
"1509439515317","0.388549804687500000000000000000","-0.737792968750000000000000000000","0.463134765625000000000000000000"
"1509439515351","0.379638671875000000000000000000","-0.736694335937500000000000000000","0.469848632812500000000000000000"
"1509439515351","0.381713867187500000000000000000","-0.737792968750000000000000000000","0.474487304687500000000000000000"
"1509439515351","0.385253906250000000000000000000","-0.739624023437500000000000000000","0.468627929687500000000000000000"
"1509439515384","0.391357421875000000000000000000","-0.738647460937500000000000000000","0.470214843750000000000000000000"
"1509439515384","0.386718750000000000000000000000","-0.736572265625000000000000000000","0.476684570312500000000000000000"
"1509439515384","0.385742187500000000000000000000","-0.739257812500000000000000000000","0.481323242187500000000000000000"
"1509439515409","0.390991210937500000000000000000","-0.741821289062500000000000000000","0.483642578125000000000000000000"
"1509439515409","0.401489257812500000000000000000","-0.741210937500000000000000000000","0.483398437500000000000000000000"
"1509439515409","0.406372070312500000000000000000","-0.743408203125000000000000000000","0.489624023437500000000000000000"
"1509439515442","0.411743164062500000000000000000","-0.744018554687500000000000000000","0.497558593750000000000000000000"
"1509439515442","0.411499023437500000000000000000","-0.743164062500000000000000000000","0.502197265625000000000000000000"
"1509439515442","0.416503906250000000000000000000","-0.739990234375000000000000000000","0.501831054687500000000000000000"
"1509439515473","0.423828125000000000000000000000","-0.739501953125000000000000000000","0.507690429687500000000000000000"
"1509439515473","0.424682617187500000000000000000","-0.738525390625000000000000000000","0.510253906250000000000000000000"
"1509439515473","0.427612304687500000000000000000","-0.738647460937500000000000000000","0.507812500000000000000000000000"
"1509439515506","0.439208984375000000000000000000","-0.738281250000000000000000000000","0.507202148437500000000000000000"
"1509439515506","0.443725585937500000000000000000","-0.739624023437500000000000000000","0.509277343750000000000000000000"
"1509439515506","0.438964843750000000000000000000","-0.739868164062500000000000000000","0.503906250000000000000000000000"
"1509439515531","0.434570312500000000000000000000","-0.740356445312500000000000000000","0.500488281250000000000000000000"
"1509439515531","0.427246093750000000000000000000","-0.739868164062500000000000000000","0.503173828125000000000000000000"
"1509439515531","0.420288085937500000000000000000","-0.739624023437500000000000000000","0.507080078125000000000000000000"
"1509439515563","0.426513671875000000000000000000","-0.740966796875000000000000000000","0.508544921875000000000000000000"
"1509439515563","0.434692382812500000000000000000","-0.739135742187500000000000000000","0.511962890625000000000000000000"
"1509439515563","0.430419921875000000000000000000","-0.737792968750000000000000000000","0.510498046875000000000000000000"
"1509439515597","0.428955078125000000000000000000","-0.735351562500000000000000000000","0.509765625000000000000000000000"
"1509439515597","0.426879882812500000000000000000","-0.734008789062500000000000000000","0.510742187500000000000000000000"
"1509439515597","0.437988281250000000000000000000","-0.732910156250000000000000000000","0.509887695312500000000000000000"
"1509439515621","0.439208984375000000000000000000","-0.730590820312500000000000000000","0.510009765625000000000000000000"
"1509439515621","0.432495117187500000000000000000","-0.727172851562500000000000000000","0.511352539062500000000000000000"
"1509439515621","0.436645507812500000000000000000","-0.723754882812500000000000000000","0.516601562500000000000000000000"
"1509439515653","0.440429687500000000000000000000","-0.723632812500000000000000000000","0.524414062500000000000000000000"
"1509439515653","0.440429687500000000000000000000","-0.726684570312500000000000000000","0.524291992187500000000000000000"
"1509439515653","0.445068359375000000000000000000","-0.725585937500000000000000000000","0.524658203125000000000000000000"
"1509439515686","0.440673828125000000000000000000","-0.726806640625000000000000000000","0.522460937500000000000000000000"
"1509439515686","0.431884765625000000000000000000","-0.727905273437500000000000000000","0.518676757812500000000000000000"
"1509439515686","0.434936523437500000000000000000","-0.724975585937500000000000000000","0.516845703125000000000000000000"
"1509439515710","0.431640625000000000000000000000","-0.723510742187500000000000000000","0.512939453125000000000000000000"
"1509439515710","0.424682617187500000000000000000","-0.722778320312500000000000000000","0.516357421875000000000000000000"
"1509439515710","0.419555664062500000000000000000","-0.722412109375000000000000000000","0.518066406250000000000000000000"
"1509439515743","0.429931640625000000000000000000","-0.725585937500000000000000000000","0.518310546875000000000000000000"
"1509439515743","0.426147460937500000000000000000","-0.725097656250000000000000000000","0.511962890625000000000000000000"
"1509439515743","0.424804687500000000000000000000","-0.720947265625000000000000000000","0.509521484375000000000000000000"
"1509439515776","0.421386718750000000000000000000","-0.719970703125000000000000000000","0.517211914062500000000000000000"
"1509439515776","0.427856445312500000000000000000","-0.721923828125000000000000000000","0.520263671875000000000000000000"
"1509439515776","0.429077148437500000000000000000","-0.720336914062500000000000000000","0.516479492187500000000000000000"
"1509439515810","0.431274414062500000000000000000","-0.720947265625000000000000000000","0.510620117187500000000000000000"
"1509439515810","0.431640625000000000000000000000","-0.720092773437500000000000000000","0.507812500000000000000000000000"
"1509439515810","0.431396484375000000000000000000","-0.720336914062500000000000000000","0.510009765625000000000000000000"
"1509439515836","0.426757812500000000000000000000","-0.721191406250000000000000000000","0.514770507812500000000000000000"
"1509439515836","0.423950195312500000000000000000","-0.724365234375000000000000000000","0.505615234375000000000000000000"
"1509439515836","0.429687500000000000000000000000","-0.723999023437500000000000000000","0.501464843750000000000000000000"
"1509439515867","0.432128906250000000000000000000","-0.721679687500000000000000000000","0.500488281250000000000000000000"
"1509439515867","0.427001953125000000000000000000","-0.724487304687500000000000000000","0.498901367187500000000000000000"
"1509439515867","0.423461914062500000000000000000","-0.721557617187500000000000000000","0.504150390625000000000000000000"
"1509439515900","0.423950195312500000000000000000","-0.722778320312500000000000000000","0.508789062500000000000000000000"
"1509439515900","0.429321289062500000000000000000","-0.724853515625000000000000000000","0.503173828125000000000000000000"
"1509439515900","0.425781250000000000000000000000","-0.725585937500000000000000000000","0.499145507812500000000000000000"
"1509439515925","0.424072265625000000000000000000","-0.725585937500000000000000000000","0.502319335937500000000000000000"
"1509439515925","0.426147460937500000000000000000","-0.726074218750000000000000000000","0.501708984375000000000000000000"
"1509439515925","0.427001953125000000000000000000","-0.725585937500000000000000000000","0.500244140625000000000000000000"
"1509439515958","0.429809570312500000000000000000","-0.727050781250000000000000000000","0.494628906250000000000000000000"
"1509439515958","0.425537109375000000000000000000","-0.725097656250000000000000000000","0.496582031250000000000000000000"
"1509439515958","0.424316406250000000000000000000","-0.724243164062500000000000000000","0.496093750000000000000000000000"
