"1508360397306","-0.000119750002340879000000000000","0.000075000003562308800000000000","0.000383812497602776000000000000"
"1508360397306","-0.000119750002340879000000000000","0.000075000003562308800000000000","0.000384125014534220000000000000"
"1508360397306","-0.000133687499328516000000000000","0.000097124997409991900000000000","0.000303437496768311000000000000"
"1508360397421","-0.000132999994093552000000000000","0.000099374999990686800000000000","0.000303062493912876000000000000"
"1508360397421","-0.000133749999804422000000000000","0.000097875003120861900000000000","0.000301499996567145000000000000"
"1508360397421","-0.000133374996948987000000000000","0.000097500000265426900000000000","0.000302375003229827000000000000"
"1508360397509","-0.000133749999804422000000000000","0.000098999997135251800000000000","0.000300749990856275000000000000"
"1508360397509","-0.000134062502183951000000000000","0.000098625001555774400000000000","0.000302000000374392000000000000"
"1508360397509","-0.000133374996948987000000000000","0.000098249998700339300000000000","0.000301249994663522000000000000"
"1508360397633","-0.000132999994093552000000000000","0.000098999997135251800000000000","0.000299750012345612000000000000"
"1508360397633","-0.000132999994093552000000000000","0.000100874996860512000000000000","0.000298937491606921000000000000"
"1508360397633","-0.000132999994093552000000000000","0.000100500001281034000000000000","0.000297687511192635000000000000"
"1508360397747","-0.000134125002659857000000000000","0.000101249999715947000000000000","0.000296937505481765000000000000"
"1508360397747","-0.000133374996948987000000000000","0.000100124998425599000000000000","0.000296187499770895000000000000"
"1508360397747","-0.000132999994093552000000000000","0.000101625002571382000000000000","0.000293687509838492000000000000"
"1508360397871","-0.000132999994093552000000000000","0.000101999998150859000000000000","0.000292187498416752000000000000"
"1508360397871","-0.000132625005790032000000000000","0.000102375001006294000000000000","0.000291000003926456000000000000"
"1508360397871","-0.000133749999804422000000000000","0.000102687503385823000000000000","0.000289749994408339000000000000"
"1508360397993","-0.000132250002934597000000000000","0.000103062498965301000000000000","0.000288937502773479000000000000"
"1508360397993","-0.000132625005790032000000000000","0.000102375001006294000000000000","0.000285749993054196000000000000"
"1508360397993","-0.000131875000079162000000000000","0.000102687503385823000000000000","0.000285312504274771000000000000"
"1508360398106","-0.000131499997223727000000000000","0.000103062498965301000000000000","0.000284125009784475000000000000"
"1508360398106","-0.000131875000079162000000000000","0.000104187500255648000000000000","0.000282937486190349000000000000"
"1508360398106","-0.000132250002934597000000000000","0.000105312501545995000000000000","0.000281249987892807000000000000"
"1508360398241","-0.000131875000079162000000000000","0.000104187500255648000000000000","0.000281687505776063000000000000"
"1508360398241","-0.000132625005790032000000000000","0.000104937498690560000000000000","0.000279750005574897000000000000"
"1508360398241","-0.000130437503685243000000000000","0.000104937498690560000000000000","0.000278062507277355000000000000"
"1508360398343","-0.000130437503685243000000000000","0.000104937498690560000000000000","0.000276062492048368000000000000"
"1508360398343","-0.000129312495118938000000000000","0.000104562503111083000000000000","0.000275250000413507000000000000"
"1508360398343","-0.000127812498249114000000000000","0.000104187500255648000000000000","0.000272125005722046000000000000"
"1508360398466","-0.000127437495393679000000000000","0.000103062498965301000000000000","0.000270812510279939000000000000"
"1508360398466","-0.000127437495393679000000000000","0.000102687503385823000000000000","0.000269562500761822000000000000"
"1508360398466","-0.000124875004985370000000000000","0.000102375001006294000000000000","0.000267562485532835000000000000"
"1508360398589","-0.000124875004985370000000000000","0.000102375001006294000000000000","0.000268062489340082000000000000"
"1508360398589","-0.000125999998999760000000000000","0.000103437501820736000000000000","0.000266749993897974000000000000"
"1508360398589","-0.000125624996144325000000000000","0.000101999998150859000000000000","0.000268812495050952000000000000"
"1508360398704","-0.000125624996144325000000000000","0.000101249999715947000000000000","0.000268375006271526000000000000"
"1508360398704","-0.000125999998999760000000000000","0.000101249999715947000000000000","0.000269187497906387000000000000"
"1508360398704","-0.000125999998999760000000000000","0.000101249999715947000000000000","0.000269624986685812000000000000"
"1508360398830","-0.000125999998999760000000000000","0.000100500001281034000000000000","0.000269562500761822000000000000"
"1508360398830","-0.000125999998999760000000000000","0.000100874996860512000000000000","0.000268812495050952000000000000"
"1508360398830","-0.000123749996419065000000000000","0.000101625002571382000000000000","0.000268375006271526000000000000"
"1508360398950","-0.000125249993288890000000000000","0.000101249999715947000000000000","0.000267562485532835000000000000"
"1508360398950","-0.000125249993288890000000000000","0.000102375001006294000000000000","0.000266374991042539000000000000"
"1508360398950","-0.000124124999274500000000000000","0.000103812497400213000000000000","0.000266749993897974000000000000"
"1508360399061","-0.000125624996144325000000000000","0.000105687497125473000000000000","0.000266437506070361000000000000"
"1508360399061","-0.000124875004985370000000000000","0.000104937498690560000000000000","0.000264750007772818000000000000"
"1508360399061","-0.000125999998999760000000000000","0.000106749997939914000000000000","0.000265125010628253000000000000"
"1508360399186","-0.000125624996144325000000000000","0.000106437502836343000000000000","0.000264750007772818000000000000"
"1508360399186","-0.000125999998999760000000000000","0.000106437502836343000000000000","0.000262812507571653000000000000"
"1508360399186","-0.000124875004985370000000000000","0.000106749997939914000000000000","0.000262812507571653000000000000"
"1508360399301","-0.000124124999274500000000000000","0.000107499996374827000000000000","0.000264500005869195000000000000"
"1508360399301","-0.000125249993288890000000000000","0.000107125000795349000000000000","0.000261937500908971000000000000"
"1508360399301","-0.000124124999274500000000000000","0.000106749997939914000000000000","0.000261874985881150000000000000"
"1508360399429","-0.000124124999274500000000000000","0.000105687497125473000000000000","0.000261500012129545000000000000"
"1508360399429","-0.000124500002129935000000000000","0.000106749997939914000000000000","0.000260750006418675000000000000"
"1508360399429","-0.000124124999274500000000000000","0.000106062499980908000000000000","0.000261562498053536000000000000"
"1508360399547","-0.000122687502880581000000000000","0.000106437502836343000000000000","0.000260000000707805000000000000"
"1508360399547","-0.000124124999274500000000000000","0.000107499996374827000000000000","0.000260750006418675000000000000"
"1508360399547","-0.000123749996419065000000000000","0.000106062499980908000000000000","0.000260437489487231000000000000"
"1508360399659","-0.000124500002129935000000000000","0.000108624997665174000000000000","0.000263562513282523000000000000"
"1508360399659","-0.000125999998999760000000000000","0.000109000000520609000000000000","0.000266812508925796000000000000"
"1508360399659","-0.000128562503959984000000000000","0.000109000000520609000000000000","0.000270874996203929000000000000"
"1508360399781","-0.000130062500829808000000000000","0.000110125001810957000000000000","0.000278937513940036000000000000"
"1508360399781","-0.000130812506540678000000000000","0.000111562498204876000000000000","0.000283000001218170000000000000"
"1508360399781","-0.000130437503685243000000000000","0.000113437497930136000000000000","0.000286124995909631000000000000"
"1508360399916","-0.000130812506540678000000000000","0.000113812500785571000000000000","0.000291062489850447000000000000"
"1508360399916","-0.000131499997223727000000000000","0.000114937502075918000000000000","0.000297124992357567000000000000"
"1508360399916","-0.000130437503685243000000000000","0.000114562499220483000000000000","0.000303937500575557000000000000"
"1508360400020","-0.000131187494844198000000000000","0.000114937502075918000000000000","0.000308437505736947000000000000"
"1508360400020","-0.000132625005790032000000000000","0.000113437497930136000000000000","0.000312374992063269000000000000"
"1508360400020","-0.000131187494844198000000000000","0.000113437497930136000000000000","0.000315749988658354000000000000"
"1508360400142","-0.000131562497699633000000000000","0.000111562498204876000000000000","0.000314500008244067000000000000"
"1508360400142","-0.000133374996948987000000000000","0.000110499997390434000000000000","0.000292250013444573000000000000"
"1508360400142","-0.000123749996419065000000000000","0.000113062502350658000000000000","0.000255562510574237000000000000"
"1508360400266","-0.000123062505736016000000000000","0.000114937502075918000000000000","0.000259562511928380000000000000"
"1508360400266","-0.000128937506815419000000000000","0.000116000002890360000000000000","0.000279312487691641000000000000"
"1508360400266","-0.000131562497699633000000000000","0.000116000002890360000000000000","0.000290687486995012000000000000"
"1508360400380","-0.000130812506540678000000000000","0.000116000002890360000000000000","0.000289874995360151000000000000"
"1508360400380","-0.000131187494844198000000000000","0.000117124996904749000000000000","0.000282624998362735000000000000"
"1508360400380","-0.000127499995869584000000000000","0.000120812503155321000000000000","0.000274999998509884000000000000"
"1508360400504","-0.000125999998999760000000000000","0.000120437500299886000000000000","0.000270937511231750000000000000"
"1508360400504","-0.000126375001855195000000000000","0.000120062497444451000000000000","0.000267312512733042000000000000"
"1508360400504","-0.000124875004985370000000000000","0.000121937497169711000000000000","0.000266874994849786000000000000"
"1508360400619","-0.000125249993288890000000000000","0.000121187498734798000000000000","0.000268875010078773000000000000"
"1508360400619","-0.000124875004985370000000000000","0.000121562501590233000000000000","0.000267750001512468000000000000"
"1508360400619","-0.000124124999274500000000000000","0.000122312500025146000000000000","0.000267687486484647000000000000"
"1508360400775","-0.000123749996419065000000000000","0.000121937497169711000000000000","0.000266499991994351000000000000"
"1508360400775","-0.000124875004985370000000000000","0.000122312500025146000000000000","0.000264062487985939000000000000"
"1508360400775","-0.000122687502880581000000000000","0.000123062505736016000000000000","0.000263562513282523000000000000"
"1508360400861","-0.000122687502880581000000000000","0.000121937497169711000000000000","0.000261625013081357000000000000"
"1508360400861","-0.000123062505736016000000000000","0.000122312500025146000000000000","0.000263187510427088000000000000"
"1508360400861","-0.000123062505736016000000000000","0.000122687502880581000000000000","0.000261999986832961000000000000"
"1508360400975","-0.000123374993563630000000000000","0.000121562501590233000000000000","0.000261562498053536000000000000"
"1508360400975","-0.000121937497169711000000000000","0.000122687502880581000000000000","0.000259187509072945000000000000"
"1508360400975","-0.000122312500025146000000000000","0.000120062497444451000000000000","0.000258874992141500000000000000"
"1508360401099","-0.000120062497444451000000000000","0.000120437500299886000000000000","0.000259187509072945000000000000"
"1508360401099","-0.000120812503155321000000000000","0.000120062497444451000000000000","0.000258812506217510000000000000"
"1508360401099","-0.000123062505736016000000000000","0.000119312499009538000000000000","0.000259187509072945000000000000"
"1508360401227","-0.000123062505736016000000000000","0.000120062497444451000000000000","0.000260750006418675000000000000"
"1508360401227","-0.000123062505736016000000000000","0.000120062497444451000000000000","0.000259624997852370000000000000"
"1508360401227","-0.000124124999274500000000000000","0.000118625001050532000000000000","0.000261250010225922000000000000"
"1508360401337","-0.000124500002129935000000000000","0.000117499999760184000000000000","0.000262374989688396000000000000"
"1508360401337","-0.000124500002129935000000000000","0.000117499999760184000000000000","0.000262499990640208000000000000"
"1508360401337","-0.000124124999274500000000000000","0.000117499999760184000000000000","0.000261562498053536000000000000"
"1508360401459","-0.000124500002129935000000000000","0.000117124996904749000000000000","0.000261187495198101000000000000"
"1508360401459","-0.000124124999274500000000000000","0.000117875002615619000000000000","0.000262812507571653000000000000"
"1508360401459","-0.000124124999274500000000000000","0.000117124996904749000000000000","0.000262437504716218000000000000"
"1508360401571","-0.000124124999274500000000000000","0.000116750001325272000000000000","0.000261562498053536000000000000"
"1508360401571","-0.000124500002129935000000000000","0.000117124996904749000000000000","0.000261187495198101000000000000"
"1508360401571","-0.000124500002129935000000000000","0.000117875002615619000000000000","0.000263562513282523000000000000"
"1508360401695","-0.000125249993288890000000000000","0.000118249998195097000000000000","0.000263249996351078000000000000"
"1508360401695","-0.000124124999274500000000000000","0.000116750001325272000000000000","0.000263624999206513000000000000"
"1508360401695","-0.000123749996419065000000000000","0.000117875002615619000000000000","0.000264375004917383000000000000"
"1508360401841","-0.000123749996419065000000000000","0.000118249998195097000000000000","0.000263187510427088000000000000"
"1508360401841","-0.000124875004985370000000000000","0.000118999996630009000000000000","0.000263249996351078000000000000"
"1508360401841","-0.000124124999274500000000000000","0.000118249998195097000000000000","0.000264875008724630000000000000"
"1508360401931","-0.000125249993288890000000000000","0.000117875002615619000000000000","0.000266437506070361000000000000"
"1508360401931","-0.000125249993288890000000000000","0.000117499999760184000000000000","0.000270874996203929000000000000"
"1508360401931","-0.000127124993014149000000000000","0.000118999996630009000000000000","0.000273687503067777000000000000"
"1508360402055","-0.000127499995869584000000000000","0.000118249998195097000000000000","0.000276937498711050000000000000"
"1508360402055","-0.000125624996144325000000000000","0.000118999996630009000000000000","0.000276187493000180000000000000"
"1508360402055","-0.000126375001855195000000000000","0.000119687501864973000000000000","0.000278499996056780000000000000"
"1508360402179","-0.000125999998999760000000000000","0.000120062497444451000000000000","0.000276187493000180000000000000"
"1508360402179","-0.000125249993288890000000000000","0.000120437500299886000000000000","0.000275812490144745000000000000"
"1508360402179","-0.000124124999274500000000000000","0.000120437500299886000000000000","0.000275375001365319000000000000"
"1508360402320","-0.000123374993563630000000000000","0.000120812503155321000000000000","0.000272500008577481000000000000"
"1508360402320","-0.000124500002129935000000000000","0.000119312499009538000000000000","0.000271249999059364000000000000"
"1508360402320","-0.000124124999274500000000000000","0.000118937503430061000000000000","0.000272000004770234000000000000"
"1508360402425","-0.000123749996419065000000000000","0.000118249998195097000000000000","0.000270937511231750000000000000"
"1508360402425","-0.000124500002129935000000000000","0.000118249998195097000000000000","0.000272937497356907000000000000"
"1508360402425","-0.000124875004985370000000000000","0.000118249998195097000000000000","0.000272500008577481000000000000"
"1508360402550","-0.000125249993288890000000000000","0.000118999996630009000000000000","0.000276187493000180000000000000"
"1508360402550","-0.000125624996144325000000000000","0.000117499999760184000000000000","0.000276187493000180000000000000"
"1508360402550","-0.000127124993014149000000000000","0.000117875002615619000000000000","0.000281374988844618000000000000"
"1508360402655","-0.000128187501104549000000000000","0.000116374998469837000000000000","0.000287812494207174000000000000"
"1508360402655","-0.000128187501104549000000000000","0.000115249997179490000000000000","0.000294312485493720000000000000"
"1508360402655","-0.000130437503685243000000000000","0.000113437497930136000000000000","0.000299562496365979000000000000"
"1508360402786","-0.000130812506540678000000000000","0.000110875000245869000000000000","0.000284250010736287000000000000"
"1508360402786","-0.000116374998469837000000000000","0.000111187502625398000000000000","0.000252312485827133000000000000"
"1508360402786","-0.000114562499220483000000000000","0.000114562499220483000000000000","0.000251874997047707000000000000"
"1508360402888","-0.000123374993563630000000000000","0.000117499999760184000000000000","0.000263624999206513000000000000"
"1508360402888","-0.000124875004985370000000000000","0.000119687501864973000000000000","0.000270124990493059000000000000"
"1508360402888","-0.000123749996419065000000000000","0.000121562501590233000000000000","0.000272125005722046000000000000"
"1508360403010","-0.000123374993563630000000000000","0.000123062505736016000000000000","0.000274124991847202000000000000"
"1508360403010","-0.000122312500025146000000000000","0.000124875004985370000000000000","0.000271750002866611000000000000"
"1508360403010","-0.000120437500299886000000000000","0.000125249993288890000000000000","0.000267687486484647000000000000"
"1508360403203","-0.000118999996630009000000000000","0.000125624996144325000000000000","0.000266062503214926000000000000"
"1508360403203","-0.000118999996630009000000000000","0.000126750004710630000000000000","0.000264437490841374000000000000"
"1508360403203","-0.000115625000034925000000000000","0.000126375001855195000000000000","0.000263249996351078000000000000"
"1508360403255","-0.000116374998469837000000000000","0.000125249993288890000000000000","0.000262812507571653000000000000"
"1508360403255","-0.000116374998469837000000000000","0.000125624996144325000000000000","0.000262812507571653000000000000"
"1508360403255","-0.000116750001325272000000000000","0.000126750004710630000000000000","0.000262874993495643000000000000"
"1508360403371","-0.000116750001325272000000000000","0.000124124999274500000000000000","0.000262437504716218000000000000"
"1508360403371","-0.000116750001325272000000000000","0.000123062505736016000000000000","0.000261625013081357000000000000"
"1508360403371","-0.000116374998469837000000000000","0.000124124999274500000000000000","0.000261999986832961000000000000"
"1508360403505","-0.000115625000034925000000000000","0.000121937497169711000000000000","0.000259187509072945000000000000"
"1508360403505","-0.000116374998469837000000000000","0.000121937497169711000000000000","0.000260750006418675000000000000"
"1508360403505","-0.000117499999760184000000000000","0.000121187498734798000000000000","0.000259499996900558000000000000"
"1508360403624","-0.000117499999760184000000000000","0.000120437500299886000000000000","0.000260750006418675000000000000"
"1508360403624","-0.000119687501864973000000000000","0.000119312499009538000000000000","0.000263562513282523000000000000"
"1508360403624","-0.000121937497169711000000000000","0.000118249998195097000000000000","0.000265187496552244000000000000"
"1508360403735","-0.000123062505736016000000000000","0.000116000002890360000000000000","0.000268062489340082000000000000"
"1508360403735","-0.000124124999274500000000000000","0.000114187496365048000000000000","0.000270812510279939000000000000"
"1508360403735","-0.000124500002129935000000000000","0.000113437497930136000000000000","0.000272562494501472000000000000"
"1508360403849","-0.000126750004710630000000000000","0.000111937501060311000000000000","0.000272937497356907000000000000"
"1508360403849","-0.000125624996144325000000000000","0.000110125001810957000000000000","0.000276562495855615000000000000"
"1508360403849","-0.000126375001855195000000000000","0.000109375003376044000000000000","0.000276437494903803000000000000"
"1508360403973","-0.000126375001855195000000000000","0.000107874999230262000000000000","0.000278187508229166000000000000"
"1508360403973","-0.000127499995869584000000000000","0.000106812498415820000000000000","0.000278999999864027000000000000"
"1508360403973","-0.000128562503959984000000000000","0.000106812498415820000000000000","0.000281437503872439000000000000"
"1508360404090","-0.000128187501104549000000000000","0.000106062499980908000000000000","0.000282562512438744000000000000"
"1508360404090","-0.000128562503959984000000000000","0.000105312501545995000000000000","0.000283875007880852000000000000"
"1508360404090","-0.000128937506815419000000000000","0.000104937498690560000000000000","0.000285374990198761000000000000"
"1508360404214","-0.000128937506815419000000000000","0.000104562503111083000000000000","0.000284999987343326000000000000"
"1508360404214","-0.000129312495118938000000000000","0.000102749996585771000000000000","0.000286687485640869000000000000"
"1508360404214","-0.000128937506815419000000000000","0.000104937498690560000000000000","0.000286687485640869000000000000"
"1508360404334","-0.000128187501104549000000000000","0.000103812497400213000000000000","0.000288687500869855000000000000"
"1508360404334","-0.000129687497974373000000000000","0.000101625002571382000000000000","0.000292250013444573000000000000"
"1508360404334","-0.000131187494844198000000000000","0.000101999998150859000000000000","0.000292687502223998000000000000"
"1508360404451","-0.000130812506540678000000000000","0.000100874996860512000000000000","0.000295937497867271000000000000"
"1508360404451","-0.000130437503685243000000000000","0.000100124998425599000000000000","0.000297187507385388000000000000"
"1508360404451","-0.000131187494844198000000000000","0.000100500001281034000000000000","0.000300374988000840000000000000"
"1508360404564","-0.000131187494844198000000000000","0.000100500001281034000000000000","0.000302375003229827000000000000"
"1508360404564","-0.000131875000079162000000000000","0.000097562500741332800000000000","0.000305187510093674000000000000"
"1508360404564","-0.000132250002934597000000000000","0.000098999997135251800000000000","0.000310500006889924000000000000"
"1508360404686","-0.000132999994093552000000000000","0.000097187497885897800000000000","0.000317312486004084000000000000"
"1508360404686","-0.000131875000079162000000000000","0.000098687502031680200000000000","0.000325812492519617000000000000"
"1508360404686","-0.000130437503685243000000000000","0.000097562500741332800000000000","0.000336312514264137000000000000"
"1508360404810","-0.000130812506540678000000000000","0.000096812502306420400000000000","0.000344312487868592000000000000"
"1508360404810","-0.000129312495118938000000000000","0.000096812502306420400000000000","0.000353624986018986000000000000"
"1508360404810","-0.000127499995869584000000000000","0.000094562499725725500000000000","0.000356937496690080000000000000"
"1508360404932","-0.000126375001855195000000000000","0.000091624999186024100000000000","0.000359687488526106000000000000"
"1508360404932","-0.000128187501104549000000000000","0.000088312503066845200000000000","0.000358187506208196000000000000"
"1508360404932","-0.000130062500829808000000000000","0.000087187501776497800000000000","0.000342312501743436000000000000"
"1508360405046","-0.000125624996144325000000000000","0.000087937500211410200000000000","0.000299562496365979000000000000"
"1508360405046","-0.000110125001810957000000000000","0.000094562499725725500000000000","0.000265687500359491000000000000"
"1508360405046","-0.000107125000795349000000000000","0.000103437501820736000000000000","0.000257999985478818000000000000"
"1508360405161","-0.000109375003376044000000000000","0.000111562498204876000000000000","0.000253937498200685000000000000"
"1508360405161","-0.000109375003376044000000000000","0.000116000002890360000000000000","0.000254374986980110000000000000"
"1508360405161","-0.000109375003376044000000000000","0.000116000002890360000000000000","0.000253875012276694000000000000"
"1508360405308","-0.000107874999230262000000000000","0.000116374998469837000000000000","0.000253875012276694000000000000"
"1508360405308","-0.000107125000795349000000000000","0.000116000002890360000000000000","0.000253625010373071000000000000"
"1508360405308","-0.000105687497125473000000000000","0.000114937502075918000000000000","0.000254374986980110000000000000"
"1508360405414","-0.000106437502836343000000000000","0.000114937502075918000000000000","0.000253125006565824000000000000"
"1508360405414","-0.000106437502836343000000000000","0.000114937502075918000000000000","0.000253937498200685000000000000"
"1508360405414","-0.000107125000795349000000000000","0.000113812500785571000000000000","0.000253500009421259000000000000"
"1508360405520","-0.000108250002085697000000000000","0.000112687499495223000000000000","0.000252687488682568000000000000"
"1508360405520","-0.000109375003376044000000000000","0.000112312496639788000000000000","0.000254312501056120000000000000"
"1508360405520","-0.000111562498204876000000000000","0.000111937501060311000000000000","0.000253500009421259000000000000"
"1508360405647","-0.000113062502350658000000000000","0.000110499997390434000000000000","0.000255187507718801000000000000"
"1508360405647","-0.000116374998469837000000000000","0.000109749998955522000000000000","0.000257187493843958000000000000"
"1508360405647","-0.000118625001050532000000000000","0.000109375003376044000000000000","0.000257562496699393000000000000"
"1508360405767","-0.000120062497444451000000000000","0.000108624997665174000000000000","0.000260437489487231000000000000"
"1508360405767","-0.000121562501590233000000000000","0.000107125000795349000000000000","0.000263687514234334000000000000"
"1508360405767","-0.000121562501590233000000000000","0.000106062499980908000000000000","0.000267312512733042000000000000"
"1508360405886","-0.000124875004985370000000000000","0.000106437502836343000000000000","0.000271375000011176000000000000"
"1508360405886","-0.000127124993014149000000000000","0.000104937498690560000000000000","0.000276562495855615000000000000"
"1508360405886","-0.000127812498249114000000000000","0.000104937498690560000000000000","0.000277812505373731000000000000"
"1508360406002","-0.000129687497974373000000000000","0.000104187500255648000000000000","0.000284999987343326000000000000"
"1508360406002","-0.000130812506540678000000000000","0.000103812497400213000000000000","0.000289062503725290000000000000"
"1508360406002","-0.000131187494844198000000000000","0.000103062498965301000000000000","0.000295937497867271000000000000"
"1508360406129","-0.000132625005790032000000000000","0.000101999998150859000000000000","0.000301624997518957000000000000"
"1508360406129","-0.000132250002934597000000000000","0.000101999998150859000000000000","0.000303187494864687000000000000"
"1508360406129","-0.000131875000079162000000000000","0.000099750002846121800000000000","0.000306875008391216000000000000"
"1508360406245","-0.000132250002934597000000000000","0.000100124998425599000000000000","0.000308937509544194000000000000"
"1508360406245","-0.000132250002934597000000000000","0.000100124998425599000000000000","0.000312124990159646000000000000"
"1508360406245","-0.000131562497699633000000000000","0.000098999997135251800000000000","0.000313750002533197000000000000"
"1508360406379","-0.000131875000079162000000000000","0.000098312499176245200000000000","0.000316124991513789000000000000"
"1508360406379","-0.000132625005790032000000000000","0.000098687502031680200000000000","0.000318937498377636000000000000"
"1508360406379","-0.000131875000079162000000000000","0.000098312499176245200000000000","0.000320187507895753000000000000"
"1508360406476","-0.000132625005790032000000000000","0.000098312499176245200000000000","0.000321062485454604000000000000"
"1508360406476","-0.000132999994093552000000000000","0.000097937503596767800000000000","0.000321812491165474000000000000"
"1508360406476","-0.000132250002934597000000000000","0.000097187497885897800000000000","0.000323874992318451000000000000"
"1508360406599","-0.000132999994093552000000000000","0.000097937503596767800000000000","0.000324624998029321000000000000"
"1508360406599","-0.000132625005790032000000000000","0.000098687502031680200000000000","0.000325437489664182000000000000"
"1508360406599","-0.000133374996948987000000000000","0.000099374999990686800000000000","0.000327062502037734000000000000"
"1508360406723","-0.000131875000079162000000000000","0.000100124998425599000000000000","0.000329875008901581000000000000"
"1508360406723","-0.000132250002934597000000000000","0.000101249999715947000000000000","0.000335499993525445000000000000"
"1508360406723","-0.000130812506540678000000000000","0.000103062498965301000000000000","0.000339499994879588000000000000"
"1508360406836","-0.000128562503959984000000000000","0.000104937498690560000000000000","0.000343187508406118000000000000"
"1508360406836","-0.000128187501104549000000000000","0.000104937498690560000000000000","0.000346499989973381000000000000"
"1508360406836","-0.000127812498249114000000000000","0.000105687497125473000000000000","0.000350749993231148000000000000"
"1508360406961","-0.000126375001855195000000000000","0.000104187500255648000000000000","0.000357312499545515000000000000"
"1508360406961","-0.000125624996144325000000000000","0.000102375001006294000000000000","0.000360125006409362000000000000"
"1508360406961","-0.000125999998999760000000000000","0.000098312499176245200000000000","0.000363750004908070000000000000"
"1508360407083","-0.000128562503959984000000000000","0.000093875001766718900000000000","0.000357749988324940000000000000"
"1508360407083","-0.000130812506540678000000000000","0.000087562497355975200000000000","0.000327812507748604000000000000"
"1508360407083","-0.000122312500025146000000000000","0.000090187502792105100000000000","0.000277812505373731000000000000"
"1508360407196","-0.000111562498204876000000000000","0.000097187497885897800000000000","0.000260437489487231000000000000"
"1508360407196","-0.000116000002890360000000000000","0.000102749996585771000000000000","0.000257999985478818000000000000"
"1508360407196","-0.000117124996904749000000000000","0.000107499996374827000000000000","0.000255187507718801000000000000"
"1508360407325","-0.000115625000034925000000000000","0.000109749998955522000000000000","0.000251562509220093000000000000"
"1508360407325","-0.000114937502075918000000000000","0.000110875000245869000000000000","0.000251187506364658000000000000"
"1508360407325","-0.000113437497930136000000000000","0.000111187502625398000000000000","0.000251187506364658000000000000"
"1508360407443","-0.000111937501060311000000000000","0.000112312496639788000000000000","0.000250374985625967000000000000"
"1508360407443","-0.000111937501060311000000000000","0.000111562498204876000000000000","0.000250312499701977000000000000"
"1508360407443","-0.000111562498204876000000000000","0.000111937501060311000000000000","0.000249937496846542000000000000"
"1508360407555","-0.000112687499495223000000000000","0.000111937501060311000000000000","0.000250374985625967000000000000"
"1508360407555","-0.000113437497930136000000000000","0.000109749998955522000000000000","0.000251562509220093000000000000"
"1508360407555","-0.000114187496365048000000000000","0.000111187502625398000000000000","0.000251937512075529000000000000"
"1508360407678","-0.000116374998469837000000000000","0.000109749998955522000000000000","0.000251562509220093000000000000"
"1508360407678","-0.000118625001050532000000000000","0.000110125001810957000000000000","0.000254812504863366000000000000"
"1508360407678","-0.000120812503155321000000000000","0.000107874999230262000000000000","0.000258437503362074000000000000"
"1508360407793","-0.000122312500025146000000000000","0.000107125000795349000000000000","0.000260875007370487000000000000"
"1508360407793","-0.000123437494039536000000000000","0.000106062499980908000000000000","0.000262499990640208000000000000"
"1508360407793","-0.000124500002129935000000000000","0.000105687497125473000000000000","0.000264500005869195000000000000"
"1508360407943","-0.000125624996144325000000000000","0.000103437501820736000000000000","0.000269375013886020000000000000"
"1508360407943","-0.000125624996144325000000000000","0.000103062498965301000000000000","0.000274187506875023000000000000"
"1508360407943","-0.000129687497974373000000000000","0.000102749996585771000000000000","0.000280187494354323000000000000"
"1508360408050","-0.000130812506540678000000000000","0.000101625002571382000000000000","0.000285124988295138000000000000"
"1508360408050","-0.000131562497699633000000000000","0.000100874996860512000000000000","0.000292375014396384000000000000"
"1508360408050","-0.000132250002934597000000000000","0.000101249999715947000000000000","0.000296374986646697000000000000"
"1508360408151","-0.000132250002934597000000000000","0.000100874996860512000000000000","0.000300874991808087000000000000"
"1508360408151","-0.000132999994093552000000000000","0.000100124998425599000000000000","0.000305687513900921000000000000"
"1508360408151","-0.000132999994093552000000000000","0.000098999997135251800000000000","0.000309312512399629000000000000"
"1508360408276","-0.000133749999804422000000000000","0.000098999997135251800000000000","0.000313687487505376000000000000"
"1508360408276","-0.000133749999804422000000000000","0.000098687502031680200000000000","0.000317437486955896000000000000"
"1508360408276","-0.000132625005790032000000000000","0.000098687502031680200000000000","0.000320687511702999000000000000"
"1508360408401","-0.000132999994093552000000000000","0.000097562500741332800000000000","0.000323874992318451000000000000"
"1508360408401","-0.000132625005790032000000000000","0.000097187497885897800000000000","0.000326750014210120000000000000"
"1508360408401","-0.000133374996948987000000000000","0.000096812502306420400000000000","0.000325125001836568000000000000"
"1508360408522","-0.000132250002934597000000000000","0.000096812502306420400000000000","0.000327812507748604000000000000"
"1508360408522","-0.000132250002934597000000000000","0.000095687501016072900000000000","0.000326687499182299000000000000"
"1508360408522","-0.000132999994093552000000000000","0.000097187497885897800000000000","0.000327437504893169000000000000"
"1508360408635","-0.000133749999804422000000000000","0.000094625000201631300000000000","0.000328312511555851000000000000"
"1508360408635","-0.000132999994093552000000000000","0.000096062496595550300000000000","0.000328687514411286000000000000"
"1508360408635","-0.000132999994093552000000000000","0.000093875001766718900000000000","0.000329125003190711000000000000"
"1508360408754","-0.000132999994093552000000000000","0.000094625000201631300000000000","0.000329500006046146000000000000"
"1508360408754","-0.000132250002934597000000000000","0.000094625000201631300000000000","0.000330312497681007000000000000"
"1508360408754","-0.000131875000079162000000000000","0.000095687501016072900000000000","0.000330687500536442000000000000"
"1508360408878","-0.000132625005790032000000000000","0.000096062496595550300000000000","0.000333062489517033000000000000"
"1508360408878","-0.000131875000079162000000000000","0.000098999997135251800000000000","0.000337187491822988000000000000"
"1508360408878","-0.000130812506540678000000000000","0.000100500001281034000000000000","0.000339624995831400000000000000"
"1508360408995","-0.000129687497974373000000000000","0.000104937498690560000000000000","0.000342000013915822000000000000"
"1508360408995","-0.000128187501104549000000000000","0.000106062499980908000000000000","0.000343562511261553000000000000"
"1508360408995","-0.000126750004710630000000000000","0.000107874999230262000000000000","0.000347687513567507000000000000"
"1508360409109","-0.000124500002129935000000000000","0.000110499997390434000000000000","0.000348937493981794000000000000"
"1508360409109","-0.000123749996419065000000000000","0.000110125001810957000000000000","0.000351624999893829000000000000"
"1508360409109","-0.000124500002129935000000000000","0.000108624997665174000000000000","0.000352562492480502000000000000"
"1508360409232","-0.000125624996144325000000000000","0.000106062499980908000000000000","0.000353749986970797000000000000"
"1508360409232","-0.000128562503959984000000000000","0.000102749996585771000000000000","0.000354562507709488000000000000"
"1508360409232","-0.000130062500829808000000000000","0.000097187497885897800000000000","0.000345250009559095000000000000"
"1508360409356","-0.000132625005790032000000000000","0.000096062496595550300000000000","0.000302875007037073000000000000"
"1508360409356","-0.000125624996144325000000000000","0.000100874996860512000000000000","0.000271375000011176000000000000"
"1508360409356","-0.000123437494039536000000000000","0.000105312501545995000000000000","0.000262499990640208000000000000"
"1508360409469","-0.000123437494039536000000000000","0.000110499997390434000000000000","0.000259249994996935000000000000"
"1508360409469","-0.000119374999485444000000000000","0.000113437497930136000000000000","0.000254812504863366000000000000"
"1508360409469","-0.000117499999760184000000000000","0.000115625000034925000000000000","0.000250374985625967000000000000"
"1508360409593","-0.000116374998469837000000000000","0.000116000002890360000000000000","0.000250374985625967000000000000"
"1508360409593","-0.000113812500785571000000000000","0.000115312497655395000000000000","0.000248750002356246000000000000"
"1508360409593","-0.000113812500785571000000000000","0.000114187496365048000000000000","0.000249562493991107000000000000"
"1508360409716","-0.000114937502075918000000000000","0.000115312497655395000000000000","0.000249937496846542000000000000"
"1508360409716","-0.000114187496365048000000000000","0.000113062502350658000000000000","0.000248750002356246000000000000"
"1508360409716","-0.000114937502075918000000000000","0.000113062502350658000000000000","0.000250374985625967000000000000"
"1508360409830","-0.000117499999760184000000000000","0.000112687499495223000000000000","0.000251999997999519000000000000"
"1508360409830","-0.000117875002615619000000000000","0.000111187502625398000000000000","0.000254000013228506000000000000"
"1508360409830","-0.000119374999485444000000000000","0.000111250003101304000000000000","0.000254812504863366000000000000"
"1508360409951","-0.000120812503155321000000000000","0.000108624997665174000000000000","0.000256812490988523000000000000"
"1508360409951","-0.000121187498734798000000000000","0.000109375003376044000000000000","0.000256750005064532000000000000"
"1508360409951","-0.000121562501590233000000000000","0.000108250002085697000000000000","0.000258437503362074000000000000"
"1508360410064","-0.000120437500299886000000000000","0.000106812498415820000000000000","0.000259624997852370000000000000"
"1508360410064","-0.000122312500025146000000000000","0.000105687497125473000000000000","0.000259187509072945000000000000"
"1508360410064","-0.000121562501590233000000000000","0.000103437501820736000000000000","0.000262874993495643000000000000"
"1508360410188","-0.000121937497169711000000000000","0.000103062498965301000000000000","0.000264875008724630000000000000"
"1508360410188","-0.000122687502880581000000000000","0.000101249999715947000000000000","0.000266874994849786000000000000"
"1508360410188","-0.000124124999274500000000000000","0.000100124998425599000000000000","0.000270124990493059000000000000"
"1508360410324","-0.000126375001855195000000000000","0.000098999997135251800000000000","0.000272937497356907000000000000"
"1508360410324","-0.000124875004985370000000000000","0.000098312499176245200000000000","0.000277749990345910000000000000"
"1508360410324","-0.000126750004710630000000000000","0.000097937503596767800000000000","0.000283437489997596000000000000"
"1508360410425","-0.000128187501104549000000000000","0.000098999997135251800000000000","0.000288687500869855000000000000"
"1508360410425","-0.000130812506540678000000000000","0.000097562500741332800000000000","0.000295500009087846000000000000"
"1508360410425","-0.000131562497699633000000000000","0.000097562500741332800000000000","0.000304812507238239000000000000"
"1508360410548","-0.000132250002934597000000000000","0.000094937502581160500000000000","0.000311749987304211000000000000"
"1508360410548","-0.000131562497699633000000000000","0.000094562499725725500000000000","0.000318562495522201000000000000"
"1508360410548","-0.000132999994093552000000000000","0.000094562499725725500000000000","0.000322937499731779000000000000"
"1508360410672","-0.000132625005790032000000000000","0.000095312498160637900000000000","0.000326312496326864000000000000"
"1508360410672","-0.000132625005790032000000000000","0.000094937502581160500000000000","0.000328187510604039000000000000"
"1508360410672","-0.000131875000079162000000000000","0.000095312498160637900000000000","0.000331062503391877000000000000"
"1508360410799","-0.000132999994093552000000000000","0.000094625000201631300000000000","0.000331562507199124000000000000"
"1508360410799","-0.000131562497699633000000000000","0.000095312498160637900000000000","0.000331562507199124000000000000"
"1508360410799","-0.000131187494844198000000000000","0.000095687501016072900000000000","0.000334250013111159000000000000"
"1508360410916","-0.000132250002934597000000000000","0.000096062496595550300000000000","0.000335562508553267000000000000"
"1508360410916","-0.000132625005790032000000000000","0.000096062496595550300000000000","0.000337125005898997000000000000"
"1508360410916","-0.000131187494844198000000000000","0.000096062496595550300000000000","0.000337562494678423000000000000"
"1508360411021","-0.000131875000079162000000000000","0.000098999997135251800000000000","0.000339124992024153000000000000"
"1508360411021","-0.000132625005790032000000000000","0.000100500001281034000000000000","0.000340375001542270000000000000"
"1508360411021","-0.000130437503685243000000000000","0.000101999998150859000000000000","0.000341562496032566000000000000"
"1508360411145","-0.000129687497974373000000000000","0.000103812497400213000000000000","0.000342874991474673000000000000"
"1508360411145","-0.000129312495118938000000000000","0.000105687497125473000000000000","0.000342062499839813000000000000"
"1508360411145","-0.000127499995869584000000000000","0.000107499996374827000000000000","0.000342000013915822000000000000"
"1508360411268","-0.000125999998999760000000000000","0.000109749998955522000000000000","0.000342874991474673000000000000"
"1508360411268","-0.000125249993288890000000000000","0.000112312496639788000000000000","0.000342874991474673000000000000"
"1508360411268","-0.000124500002129935000000000000","0.000113062502350658000000000000","0.000344000000040978000000000000"
"1508360411387","-0.000122312500025146000000000000","0.000113812500785571000000000000","0.000345625012414530000000000000"
"1508360411387","-0.000120437500299886000000000000","0.000114937502075918000000000000","0.000347312510712072000000000000"
"1508360411387","-0.000120812503155321000000000000","0.000114187496365048000000000000","0.000352062488673255000000000000"
"1508360411503","-0.000121187498734798000000000000","0.000111937501060311000000000000","0.000354937510564923000000000000"
"1508360411503","-0.000120812503155321000000000000","0.000109000000520609000000000000","0.000361749989679083000000000000"
"1508360411503","-0.000123749996419065000000000000","0.000103124999441206000000000000","0.000362249993486330000000000000"
"1508360411628","-0.000133749999804422000000000000","0.000096812502306420400000000000","0.000327124987961724000000000000"
"1508360411628","-0.000124500002129935000000000000","0.000094937502581160500000000000","0.000279062485788018000000000000"
"1508360411628","-0.000121187498734798000000000000","0.000096062496595550300000000000","0.000272937497356907000000000000"
"1508360411741","-0.000125249993288890000000000000","0.000099750002846121800000000000","0.000270562508376315000000000000"
"1508360411741","-0.000124500002129935000000000000","0.000103437501820736000000000000","0.000266937509877607000000000000"
"1508360411741","-0.000125249993288890000000000000","0.000106437502836343000000000000","0.000266937509877607000000000000"
"1508360411876","-0.000124124999274500000000000000","0.000106812498415820000000000000","0.000264500005869195000000000000"
"1508360411876","-0.000123062505736016000000000000","0.000108250002085697000000000000","0.000260875007370487000000000000"
"1508360411876","-0.000124124999274500000000000000","0.000108250002085697000000000000","0.000261687499005347000000000000"
"1508360411995","-0.000123374993563630000000000000","0.000109000000520609000000000000","0.000260000000707805000000000000"
"1508360411995","-0.000123062505736016000000000000","0.000107874999230262000000000000","0.000261187495198101000000000000"
"1508360411995","-0.000125249993288890000000000000","0.000106812498415820000000000000","0.000263687514234334000000000000"
"1508360412100","-0.000125249993288890000000000000","0.000106062499980908000000000000","0.000266124989138916000000000000"
"1508360412100","-0.000125999998999760000000000000","0.000104937498690560000000000000","0.000268125004367903000000000000"
"1508360412100","-0.000126750004710630000000000000","0.000105312501545995000000000000","0.000269375013886020000000000000"
"1508360412248","-0.000126375001855195000000000000","0.000104937498690560000000000000","0.000272500008577481000000000000"
"1508360412248","-0.000127437495393679000000000000","0.000104562503111083000000000000","0.000272062490694225000000000000"
"1508360412248","-0.000127812498249114000000000000","0.000103437501820736000000000000","0.000274187506875023000000000000"
"1508360412337","-0.000129312495118938000000000000","0.000106437502836343000000000000","0.000278249994153157000000000000"
"1508360412337","-0.000128187501104549000000000000","0.000103437501820736000000000000","0.000279062485788018000000000000"
"1508360412337","-0.000130437503685243000000000000","0.000103812497400213000000000000","0.000282687513390556000000000000"
"1508360412464","-0.000130437503685243000000000000","0.000103812497400213000000000000","0.000287062488496304000000000000"
"1508360412464","-0.000132999994093552000000000000","0.000104187500255648000000000000","0.000293437507934868000000000000"
"1508360412464","-0.000132250002934597000000000000","0.000104562503111083000000000000","0.000298437487799674000000000000"
"1508360412583","-0.000132999994093552000000000000","0.000105687497125473000000000000","0.000304812507238239000000000000"
"1508360412583","-0.000133749999804422000000000000","0.000104937498690560000000000000","0.000310500006889924000000000000"
"1508360412583","-0.000133374996948987000000000000","0.000106062499980908000000000000","0.000313374999677762000000000000"
"1508360412700","-0.000132625005790032000000000000","0.000108250002085697000000000000","0.000313312513753772000000000000"
"1508360412700","-0.000133374996948987000000000000","0.000107125000795349000000000000","0.000312062504235655000000000000"
"1508360412700","-0.000132625005790032000000000000","0.000107874999230262000000000000","0.000310062489006668000000000000"
"1508360412821","-0.000132625005790032000000000000","0.000108624997665174000000000000","0.000309249997371808000000000000"
"1508360412821","-0.000133374996948987000000000000","0.000108624997665174000000000000","0.000308874994516373000000000000"
"1508360412821","-0.000131875000079162000000000000","0.000109000000520609000000000000","0.000307312497170642000000000000"
"1508360412945","-0.000132999994093552000000000000","0.000110125001810957000000000000","0.000306125002680346000000000000"
"1508360412945","-0.000132625005790032000000000000","0.000110499997390434000000000000","0.000305187510093674000000000000"
"1508360412945","-0.000132625005790032000000000000","0.000111187502625398000000000000","0.000305624998873100000000000000"
"1508360413057","-0.000131187494844198000000000000","0.000111937501060311000000000000","0.000304812507238239000000000000"
"1508360413057","-0.000132250002934597000000000000","0.000112312496639788000000000000","0.000304437504382804000000000000"
"1508360413057","-0.000131875000079162000000000000","0.000113812500785571000000000000","0.000304499990306795000000000000"
"1508360413180","-0.000132625005790032000000000000","0.000113437497930136000000000000","0.000301187508739531000000000000"
"1508360413180","-0.000131875000079162000000000000","0.000115625000034925000000000000","0.000300437503028661000000000000"
"1508360413180","-0.000130812506540678000000000000","0.000113437497930136000000000000","0.000298812490655109000000000000"
"1508360413293","-0.000130062500829808000000000000","0.000116000002890360000000000000","0.000295937497867271000000000000"
"1508360413293","-0.000130437503685243000000000000","0.000115312497655395000000000000","0.000293999997666106000000000000"
"1508360413293","-0.000129687497974373000000000000","0.000114187496365048000000000000","0.000291937496513128000000000000"
"1508360413423","-0.000130062500829808000000000000","0.000116374998469837000000000000","0.000287937495158985000000000000"
"1508360413423","-0.000129687497974373000000000000","0.000116000002890360000000000000","0.000284999987343326000000000000"
"1508360413423","-0.000127812498249114000000000000","0.000116750001325272000000000000","0.000281812506727874000000000000"
"1508360413551","-0.000129312495118938000000000000","0.000117124996904749000000000000","0.000282187509583309000000000000"
"1508360413551","-0.000128937506815419000000000000","0.000117875002615619000000000000","0.000279375002719462000000000000"
"1508360413551","-0.000128562503959984000000000000","0.000117499999760184000000000000","0.000276187493000180000000000000"
"1508360413653","-0.000128187501104549000000000000","0.000116750001325272000000000000","0.000276562495855615000000000000"
"1508360413653","-0.000128187501104549000000000000","0.000117875002615619000000000000","0.000274499994702637000000000000"
"1508360413653","-0.000129312495118938000000000000","0.000118999996630009000000000000","0.000273812504019588000000000000"
"1508360413778","-0.000127124993014149000000000000","0.000117875002615619000000000000","0.000272500008577481000000000000"
"1508360413778","-0.000126750004710630000000000000","0.000118249998195097000000000000","0.000272125005722046000000000000"
"1508360413778","-0.000127124993014149000000000000","0.000118249998195097000000000000","0.000270562508376315000000000000"
"1508360413900","-0.000126375001855195000000000000","0.000119687501864973000000000000","0.000269687501713634000000000000"
"1508360413900","-0.000126750004710630000000000000","0.000118625001050532000000000000","0.000268500007223338000000000000"
"1508360413900","-0.000126750004710630000000000000","0.000118249998195097000000000000","0.000268062489340082000000000000"
"1508360414013","-0.000125999998999760000000000000","0.000118999996630009000000000000","0.000267750001512468000000000000"
"1508360414013","-0.000125624996144325000000000000","0.000118625001050532000000000000","0.000267249997705221000000000000"
"1508360414013","-0.000125999998999760000000000000","0.000118249998195097000000000000","0.000270124990493059000000000000"
"1508360414156","-0.000128187501104549000000000000","0.000117875002615619000000000000","0.000274187506875023000000000000"
"1508360414156","-0.000128562503959984000000000000","0.000118999996630009000000000000","0.000283500005025417000000000000"
"1508360414156","-0.000128937506815419000000000000","0.000119687501864973000000000000","0.000291875010589138000000000000"
"1508360414250","-0.000128187501104549000000000000","0.000119374999485444000000000000","0.000300062500173226000000000000"
"1508360414250","-0.000127124993014149000000000000","0.000120062497444451000000000000","0.000308062502881512000000000000"
"1508360414250","-0.000127124993014149000000000000","0.000119374999485444000000000000","0.000315374985802919000000000000"
"1508360414372","-0.000127124993014149000000000000","0.000118625001050532000000000000","0.000323812506394461000000000000"
"1508360414372","-0.000128562503959984000000000000","0.000113812500785571000000000000","0.000332374998833984000000000000"
"1508360414372","-0.000134500005515292000000000000","0.000107874999230262000000000000","0.000315374985802919000000000000"
"1508360414496","-0.000133374996948987000000000000","0.000107499996374827000000000000","0.000284687499515712000000000000"
"1508360414496","-0.000131562497699633000000000000","0.000109375003376044000000000000","0.000278624997008592000000000000"
"1508360414496","-0.000132999994093552000000000000","0.000110125001810957000000000000","0.000277812505373731000000000000"
"1508360414609","-0.000131187494844198000000000000","0.000111937501060311000000000000","0.000277000013738871000000000000"
"1508360414609","-0.000130812506540678000000000000","0.000112687499495223000000000000","0.000273374986136332000000000000"
"1508360414609","-0.000128937506815419000000000000","0.000115625000034925000000000000","0.000271375000011176000000000000"
"1508360414739","-0.000127499995869584000000000000","0.000116750001325272000000000000","0.000268937496002764000000000000"
"1508360414739","-0.000127812498249114000000000000","0.000116000002890360000000000000","0.000269749987637624000000000000"
"1508360414739","-0.000127499995869584000000000000","0.000117499999760184000000000000","0.000270562508376315000000000000"
"1508360414857","-0.000128937506815419000000000000","0.000116374998469837000000000000","0.000271375000011176000000000000"
"1508360414857","-0.000128937506815419000000000000","0.000117124996904749000000000000","0.000274999998509884000000000000"
"1508360414857","-0.000129312495118938000000000000","0.000117124996904749000000000000","0.000278624997008592000000000000"
"1508360414969","-0.000129312495118938000000000000","0.000118625001050532000000000000","0.000281062501017004000000000000"
"1508360414969","-0.000129312495118938000000000000","0.000117499999760184000000000000","0.000286312511889264000000000000"
"1508360414969","-0.000130812506540678000000000000","0.000117875002615619000000000000","0.000291937496513128000000000000"
"1508360415092","-0.000130437503685243000000000000","0.000117875002615619000000000000","0.000294875004328787000000000000"
"1508360415092","-0.000129687497974373000000000000","0.000118625001050532000000000000","0.000297874998068437000000000000"
"1508360415092","-0.000128937506815419000000000000","0.000119687501864973000000000000","0.000301624997518957000000000000"
"1508360415216","-0.000127124993014149000000000000","0.000120062497444451000000000000","0.000305687513900921000000000000"
"1508360415216","-0.000126750004710630000000000000","0.000121562501590233000000000000","0.000308062502881512000000000000"
"1508360415216","-0.000125999998999760000000000000","0.000121187498734798000000000000","0.000309562514303252000000000000"
"1508360415330","-0.000125624996144325000000000000","0.000122687502880581000000000000","0.000310500006889924000000000000"
"1508360415330","-0.000124500002129935000000000000","0.000123374993563630000000000000","0.000310875009745359000000000000"
"1508360415330","-0.000123437494039536000000000000","0.000125249993288890000000000000","0.000308937509544194000000000000"
"1508360415454","-0.000124124999274500000000000000","0.000122312500025146000000000000","0.000308124988805503000000000000"
"1508360415454","-0.000124500002129935000000000000","0.000123749996419065000000000000","0.000306000001728535000000000000"
"1508360415454","-0.000124124999274500000000000000","0.000122687502880581000000000000","0.000305687513900921000000000000"
"1508360415566","-0.000124875004985370000000000000","0.000124124999274500000000000000","0.000303999986499548000000000000"
"1508360415566","-0.000124875004985370000000000000","0.000123062505736016000000000000","0.000304499990306795000000000000"
"1508360415566","-0.000125249993288890000000000000","0.000122687502880581000000000000","0.000306125002680346000000000000"
"1508360415689","-0.000125624996144325000000000000","0.000122312500025146000000000000","0.000303187494864687000000000000"
"1508360415689","-0.000127499995869584000000000000","0.000121562501590233000000000000","0.000301249994663522000000000000"
"1508360415689","-0.000127124993014149000000000000","0.000121937497169711000000000000","0.000299187493510544000000000000"
"1508360415819","-0.000127124993014149000000000000","0.000121562501590233000000000000","0.000299625011393800000000000000"
"1508360415819","-0.000127124993014149000000000000","0.000122687502880581000000000000","0.000298312486847863000000000000"
"1508360415819","-0.000127499995869584000000000000","0.000121562501590233000000000000","0.000296812504529953000000000000"
"1508360415939","-0.000126750004710630000000000000","0.000121937497169711000000000000","0.000296374986646697000000000000"
"1508360415939","-0.000127812498249114000000000000","0.000120812503155321000000000000","0.000294812489300966000000000000"
"1508360415939","-0.000126375001855195000000000000","0.000121187498734798000000000000","0.000295125006232411000000000000"
"1508360416049","-0.000127499995869584000000000000","0.000120437500299886000000000000","0.000293999997666106000000000000"
"1508360416049","-0.000127812498249114000000000000","0.000120437500299886000000000000","0.000292375014396384000000000000"
"1508360416049","-0.000128187501104549000000000000","0.000119687501864973000000000000","0.000292687502223998000000000000"
"1508360416172","-0.000128187501104549000000000000","0.000121187498734798000000000000","0.000291875010589138000000000000"
"1508360416172","-0.000127437495393679000000000000","0.000121187498734798000000000000","0.000291437492705882000000000000"
"1508360416172","-0.000127437495393679000000000000","0.000120812503155321000000000000","0.000291062489850447000000000000"
"1508360416303","-0.000127812498249114000000000000","0.000121187498734798000000000000","0.000291875010589138000000000000"
"1508360416303","-0.000127812498249114000000000000","0.000119687501864973000000000000","0.000291125004878268000000000000"
"1508360416303","-0.000129312495118938000000000000","0.000120062497444451000000000000","0.000292312499368563000000000000"
"1508360416409","-0.000127812498249114000000000000","0.000119374999485444000000000000","0.000293187506031245000000000000"
"1508360416409","-0.000128562503959984000000000000","0.000120812503155321000000000000","0.000292687502223998000000000000"
"1508360416409","-0.000127499995869584000000000000","0.000121187498734798000000000000","0.000294375000521541000000000000"
"1508360416532","-0.000127499995869584000000000000","0.000119374999485444000000000000","0.000295187492156401000000000000"
"1508360416532","-0.000127812498249114000000000000","0.000120812503155321000000000000","0.000294812489300966000000000000"
"1508360416532","-0.000128187501104549000000000000","0.000119687501864973000000000000","0.000293562508886680000000000000"
"1508360416645","-0.000127437495393679000000000000","0.000119312499009538000000000000","0.000293062505079433000000000000"
"1508360416645","-0.000128187501104549000000000000","0.000119687501864973000000000000","0.000291125004878268000000000000"
"1508360416645","-0.000127499995869584000000000000","0.000121187498734798000000000000","0.000290687486995012000000000000"
"1508360416770","-0.000127812498249114000000000000","0.000119374999485444000000000000","0.000290374999167398000000000000"
"1508360416770","-0.000126750004710630000000000000","0.000121562501590233000000000000","0.000288999988697469000000000000"
"1508360416770","-0.000128187501104549000000000000","0.000120062497444451000000000000","0.000287437491351739000000000000"
"1508360416881","-0.000127124993014149000000000000","0.000120812503155321000000000000","0.000286187510937452000000000000"
"1508360416881","-0.000126375001855195000000000000","0.000121562501590233000000000000","0.000285062502371147000000000000"
"1508360416881","-0.000125999998999760000000000000","0.000121187498734798000000000000","0.000283000001218170000000000000"
"1508360417005","-0.000125999998999760000000000000","0.000121562501590233000000000000","0.000287500006379560000000000000"
"1508360417005","-0.000125624996144325000000000000","0.000121937497169711000000000000","0.000291875010589138000000000000"
"1508360417005","-0.000125249993288890000000000000","0.000121187498734798000000000000","0.000295000005280599000000000000"
"1508360417141","-0.000123749996419065000000000000","0.000121937497169711000000000000","0.000297499995213002000000000000"
"1508360417141","-0.000123749996419065000000000000","0.000122687502880581000000000000","0.000302062486298382000000000000"
"1508360417141","-0.000124875004985370000000000000","0.000121937497169711000000000000","0.000306875008391216000000000000"
"1508360417242","-0.000125999998999760000000000000","0.000120062497444451000000000000","0.000306375004583970000000000000"
"1508360417242","-0.000128937506815419000000000000","0.000117875002615619000000000000","0.000280999985989183000000000000"
"1508360417242","-0.000126375001855195000000000000","0.000115625000034925000000000000","0.000266874994849786000000000000"
"1508360417366","-0.000128937506815419000000000000","0.000115249997179490000000000000","0.000275687489192933000000000000"
"1508360417366","-0.000130812506540678000000000000","0.000114937502075918000000000000","0.000284312496660277000000000000"
"1508360417366","-0.000129312495118938000000000000","0.000116750001325272000000000000","0.000284250010736287000000000000"
"1508360417489","-0.000128937506815419000000000000","0.000118249998195097000000000000","0.000283437489997596000000000000"
"1508360417489","-0.000127499995869584000000000000","0.000119687501864973000000000000","0.000279812491498888000000000000"
"1508360417489","-0.000126750004710630000000000000","0.000121187498734798000000000000","0.000277812505373731000000000000"
"1508360417625","-0.000126375001855195000000000000","0.000121562501590233000000000000","0.000274999998509884000000000000"
"1508360417625","-0.000125624996144325000000000000","0.000121562501590233000000000000","0.000276562495855615000000000000"
"1508360417625","-0.000125999998999760000000000000","0.000122687502880581000000000000","0.000276937498711050000000000000"
"1508360417725","-0.000126375001855195000000000000","0.000120812503155321000000000000","0.000277749990345910000000000000"
"1508360417725","-0.000126375001855195000000000000","0.000121562501590233000000000000","0.000277687504421920000000000000"
"1508360417725","-0.000125999998999760000000000000","0.000121937497169711000000000000","0.000279312487691641000000000000"
"1508360417842","-0.000125999998999760000000000000","0.000122687502880581000000000000","0.000280999985989183000000000000"
"1508360417842","-0.000124875004985370000000000000","0.000123062505736016000000000000","0.000281812506727874000000000000"
"1508360417842","-0.000125249993288890000000000000","0.000122312500025146000000000000","0.000283000001218170000000000000"
"1508360417962","-0.000124875004985370000000000000","0.000123374993563630000000000000","0.000282562512438744000000000000"
"1508360417962","-0.000124124999274500000000000000","0.000123749996419065000000000000","0.000281374988844618000000000000"
"1508360417962","-0.000124124999274500000000000000","0.000123749996419065000000000000","0.000280250009382144000000000000"
"1508360418086","-0.000124875004985370000000000000","0.000123749996419065000000000000","0.000278124993201345000000000000"
"1508360418086","-0.000125249993288890000000000000","0.000123374993563630000000000000","0.000277374987490475000000000000"
"1508360418086","-0.000126375001855195000000000000","0.000121937497169711000000000000","0.000277374987490475000000000000"
"1508360418210","-0.000126750004710630000000000000","0.000120812503155321000000000000","0.000276187493000180000000000000"
"1508360418210","-0.000127499995869584000000000000","0.000117875002615619000000000000","0.000275750004220754000000000000"
"1508360418210","-0.000127812498249114000000000000","0.000117124996904749000000000000","0.000277749990345910000000000000"
"1508360418321","-0.000129312495118938000000000000","0.000114937502075918000000000000","0.000278562511084601000000000000"
"1508360418321","-0.000129312495118938000000000000","0.000113062502350658000000000000","0.000280187494354323000000000000"
"1508360418321","-0.000130062500829808000000000000","0.000111250003101304000000000000","0.000283875007880852000000000000"
"1508360418444","-0.000130062500829808000000000000","0.000108624997665174000000000000","0.000285874994006008000000000000"
"1508360418444","-0.000130812506540678000000000000","0.000108250002085697000000000000","0.000288312498014420000000000000"
"1508360418444","-0.000130812506540678000000000000","0.000106062499980908000000000000","0.000290374999167398000000000000"
"1508360418558","-0.000130812506540678000000000000","0.000104562503111083000000000000","0.000293499993858859000000000000"
"1508360418558","-0.000130062500829808000000000000","0.000101999998150859000000000000","0.000293187506031245000000000000"
"1508360418558","-0.000130812506540678000000000000","0.000101999998150859000000000000","0.000295500009087846000000000000"
"1508360418686","-0.000130812506540678000000000000","0.000099750002846121800000000000","0.000297124992357567000000000000"
"1508360418686","-0.000130812506540678000000000000","0.000099750002846121800000000000","0.000300374988000840000000000000"
"1508360418686","-0.000131562497699633000000000000","0.000097937503596767800000000000","0.000300437503028661000000000000"
"1508360418806","-0.000130437503685243000000000000","0.000097562500741332800000000000","0.000301187508739531000000000000"
"1508360418806","-0.000130062500829808000000000000","0.000097187497885897800000000000","0.000301249994663522000000000000"
"1508360418806","-0.000130812506540678000000000000","0.000096812502306420400000000000","0.000302062486298382000000000000"
"1508360418938","-0.000129687497974373000000000000","0.000096437499450985300000000000","0.000300874991808087000000000000"
"1508360418938","-0.000131499997223727000000000000","0.000096437499450985300000000000","0.000300749990856275000000000000"
"1508360418938","-0.000131187494844198000000000000","0.000098312499176245200000000000","0.000298750004731119000000000000"
"1508360419076","-0.000129687497974373000000000000","0.000096812502306420400000000000","0.000299500010441989000000000000"
"1508360419076","-0.000129687497974373000000000000","0.000096812502306420400000000000","0.000299500010441989000000000000"
"1508360419076","-0.000129687497974373000000000000","0.000098312499176245200000000000","0.000296812504529953000000000000"
"1508360419155","-0.000129312495118938000000000000","0.000097562500741332800000000000","0.000297124992357567000000000000"
"1508360419155","-0.000129687497974373000000000000","0.000098687502031680200000000000","0.000297124992357567000000000000"
"1508360419155","-0.000130437503685243000000000000","0.000098687502031680200000000000","0.000297124992357567000000000000"
"1508360419279","-0.000130437503685243000000000000","0.000097562500741332800000000000","0.000298375001875684000000000000"
"1508360419279","-0.000130437503685243000000000000","0.000097562500741332800000000000","0.000297999999020249000000000000"
"1508360419279","-0.000129687497974373000000000000","0.000097187497885897800000000000","0.000298375001875684000000000000"
"1508360419420","-0.000130062500829808000000000000","0.000096062496595550300000000000","0.000300312502076849000000000000"
"1508360419420","-0.000130062500829808000000000000","0.000095312498160637900000000000","0.000301124993711710000000000000"
"1508360419420","-0.000129687497974373000000000000","0.000094562499725725500000000000","0.000303187494864687000000000000"
"1508360419514","-0.000130062500829808000000000000","0.000093125003331806500000000000","0.000305687513900921000000000000"
"1508360419514","-0.000129687497974373000000000000","0.000092000002041459100000000000","0.000308937509544194000000000000"
"1508360419514","-0.000130437503685243000000000000","0.000090875000751111700000000000","0.000310125004034489000000000000"
"1508360419638","-0.000129312495118938000000000000","0.000090187502792105100000000000","0.000310875009745359000000000000"
"1508360419638","-0.000128937506815419000000000000","0.000087937500211410200000000000","0.000314187491312623000000000000"
"1508360419638","-0.000129312495118938000000000000","0.000088687498646322600000000000","0.000316937512252480000000000000"
"1508360419761","-0.000129312495118938000000000000","0.000088312503066845200000000000","0.000320624996675178000000000000"
"1508360419761","-0.000129312495118938000000000000","0.000086812498921062800000000000","0.000322250009048730000000000000"
"1508360419761","-0.000129687497974373000000000000","0.000087187501776497800000000000","0.000324187509249896000000000000"
"1508360419879","-0.000129687497974373000000000000","0.000087562497355975200000000000","0.000327374989865348000000000000"
"1508360419879","-0.000130812506540678000000000000","0.000086812498921062800000000000","0.000329937494825572000000000000"
"1508360419879","-0.000129312495118938000000000000","0.000088312503066845200000000000","0.000333000003593042000000000000"
"1508360419997","-0.000130812506540678000000000000","0.000086812498921062800000000000","0.000335437507601455000000000000"
"1508360419997","-0.000130437503685243000000000000","0.000087562497355975200000000000","0.000337937497533858000000000000"
"1508360419997","-0.000130062500829808000000000000","0.000089437497081235100000000000","0.000341250008204952000000000000"
"1508360420121","-0.000131187494844198000000000000","0.000089062501501757700000000000","0.000340750004397705000000000000"
"1508360420121","-0.000132250002934597000000000000","0.000092000002041459100000000000","0.000341187493177131000000000000"
"1508360420121","-0.000131875000079162000000000000","0.000095687501016072900000000000","0.000342437502695248000000000000"
"1508360420235","-0.000130437503685243000000000000","0.000099750002846121800000000000","0.000347124994732440000000000000"
"1508360420235","-0.000127124993014149000000000000","0.000102749996585771000000000000","0.000350124988472089000000000000"
"1508360420235","-0.000127124993014149000000000000","0.000106749997939914000000000000","0.000350812508258969000000000000"
"1508360420358","-0.000125624996144325000000000000","0.000107499996374827000000000000","0.000351750000845641000000000000"
"1508360420358","-0.000125249993288890000000000000","0.000107874999230262000000000000","0.000353375013219193000000000000"
"1508360420358","-0.000124875004985370000000000000","0.000107125000795349000000000000","0.000357812503352761000000000000"
"1508360420483","-0.000124875004985370000000000000","0.000104562503111083000000000000","0.000359437486622483000000000000"
"1508360420483","-0.000127124993014149000000000000","0.000099374999990686800000000000","0.000357749988324940000000000000"
"1508360420483","-0.000132250002934597000000000000","0.000096437499450985300000000000","0.000327062502037734000000000000"
"1508360420594","-0.000127812498249114000000000000","0.000097187497885897800000000000","0.000277749990345910000000000000"
"1508360420594","-0.000121562501590233000000000000","0.000103437501820736000000000000","0.000262437504716218000000000000"
"1508360420594","-0.000122312500025146000000000000","0.000110125001810957000000000000","0.000260000000707805000000000000"
"1508360420729","-0.000122312500025146000000000000","0.000114187496365048000000000000","0.000258812506217510000000000000"
"1508360420729","-0.000118625001050532000000000000","0.000116750001325272000000000000","0.000254374986980110000000000000"
"1508360420729","-0.000116000002890360000000000000","0.000115625000034925000000000000","0.000251937512075529000000000000"
"1508360420839","-0.000114187496365048000000000000","0.000116000002890360000000000000","0.000249937496846542000000000000"
"1508360420839","-0.000113437497930136000000000000","0.000114562499220483000000000000","0.000249937496846542000000000000"
"1508360420839","-0.000114187496365048000000000000","0.000113062502350658000000000000","0.000250749988481402000000000000"
"1508360420980","-0.000115625000034925000000000000","0.000110499997390434000000000000","0.000251874997047707000000000000"
"1508360420980","-0.000117124996904749000000000000","0.000109375003376044000000000000","0.000254312501056120000000000000"
"1508360420980","-0.000120062497444451000000000000","0.000108250002085697000000000000","0.000257125007919967000000000000"
"1508360421077","-0.000121937497169711000000000000","0.000106812498415820000000000000","0.000262499990640208000000000000"
"1508360421077","-0.000124500002129935000000000000","0.000105312501545995000000000000","0.000264437490841374000000000000"
"1508360421077","-0.000124124999274500000000000000","0.000103062498965301000000000000","0.000268875010078773000000000000"
"1508360421191","-0.000125249993288890000000000000","0.000102375001006294000000000000","0.000275750004220754000000000000"
"1508360421191","-0.000127499995869584000000000000","0.000098687502031680200000000000","0.000278562511084601000000000000"
"1508360421191","-0.000128937506815419000000000000","0.000099750002846121800000000000","0.000285124988295138000000000000"
"1508360421314","-0.000128937506815419000000000000","0.000097562500741332800000000000","0.000288187497062609000000000000"
"1508360421314","-0.000130062500829808000000000000","0.000095687501016072900000000000","0.000295562495011836000000000000"
"1508360421314","-0.000130062500829808000000000000","0.000093875001766718900000000000","0.000302875007037073000000000000"
"1508360421459","-0.000131562497699633000000000000","0.000092750000476371500000000000","0.000312124990159646000000000000"
"1508360421459","-0.000130812506540678000000000000","0.000091624999186024100000000000","0.000319749990012497000000000000"
"1508360421459","-0.000131187494844198000000000000","0.000090499997895676600000000000","0.000326250010402873000000000000"
"1508360421551","-0.000131875000079162000000000000","0.000089437497081235100000000000","0.000330624985508621000000000000"
"1508360421551","-0.000131187494844198000000000000","0.000088312503066845200000000000","0.000334687501890585000000000000"
"1508360421551","-0.000130437503685243000000000000","0.000089437497081235100000000000","0.000336687488015741000000000000"
"1508360421685","-0.000131187494844198000000000000","0.000087937500211410200000000000","0.000337812496582046000000000000"
"1508360421685","-0.000131499997223727000000000000","0.000087937500211410200000000000","0.000338687503244728000000000000"
"1508360421685","-0.000130062500829808000000000000","0.000087562497355975200000000000","0.000337937497533858000000000000"
"1508360421787","-0.000130062500829808000000000000","0.000089812499936670100000000000","0.000338250014465302000000000000"
"1508360421787","-0.000130437503685243000000000000","0.000088687498646322600000000000","0.000337937497533858000000000000"
"1508360421787","-0.000130437503685243000000000000","0.000086812498921062800000000000","0.000337875011609867000000000000"
"1508360421913","-0.000129312495118938000000000000","0.000087562497355975200000000000","0.000336750003043562000000000000"
"1508360421913","-0.000130437503685243000000000000","0.000087562497355975200000000000","0.000337562494678423000000000000"
"1508360421913","-0.000130812506540678000000000000","0.000087187501776497800000000000","0.000337562494678423000000000000"
"1508360422033","-0.000129312495118938000000000000","0.000086812498921062800000000000","0.000338749989168718000000000000"
"1508360422033","-0.000130437503685243000000000000","0.000087562497355975200000000000","0.000339562509907410000000000000"
"1508360422033","-0.000129312495118938000000000000","0.000087562497355975200000000000","0.000341187493177131000000000000"
"1508360422146","-0.000130062500829808000000000000","0.000087187501776497800000000000","0.000340687489369884000000000000"
"1508360422146","-0.000130437503685243000000000000","0.000086812498921062800000000000","0.000341125007253140000000000000"
"1508360422146","-0.000129687497974373000000000000","0.000087937500211410200000000000","0.000342000013915822000000000000"
"1508360422270","-0.000130062500829808000000000000","0.000087562497355975200000000000","0.000342374987667426000000000000"
"1508360422270","-0.000130812506540678000000000000","0.000088687498646322600000000000","0.000342812505550683000000000000"
"1508360422270","-0.000130062500829808000000000000","0.000088312503066845200000000000","0.000344750005751848000000000000"
"1508360422395","-0.000130062500829808000000000000","0.000089062501501757700000000000","0.000345187494531274000000000000"
"1508360422395","-0.000129312495118938000000000000","0.000089812499936670100000000000","0.000344812491675839000000000000"
"1508360422395","-0.000131187494844198000000000000","0.000089437497081235100000000000","0.000345999986166134000000000000"
"1508360422507","-0.000130812506540678000000000000","0.000091250003606546700000000000","0.000344312487868592000000000000"
"1508360422507","-0.000130812506540678000000000000","0.000090875000751111700000000000","0.000343937514116988000000000000"
"1508360422507","-0.000131562497699633000000000000","0.000092750000476371500000000000","0.000342374987667426000000000000"
"1508360422653","-0.000131562497699633000000000000","0.000092374997620936500000000000","0.000340750004397705000000000000"
"1508360422653","-0.000131499997223727000000000000","0.000094249997346196300000000000","0.000338687503244728000000000000"
"1508360422653","-0.000131562497699633000000000000","0.000095312498160637900000000000","0.000335562508553267000000000000"
"1508360422749","-0.000132250002934597000000000000","0.000097937503596767800000000000","0.000335499993525445000000000000"
"1508360422749","-0.000133374996948987000000000000","0.000098999997135251800000000000","0.000334624986862764000000000000"
"1508360422749","-0.000132250002934597000000000000","0.000101625002571382000000000000","0.000335124990670010000000000000"
"1508360422866","-0.000130812506540678000000000000","0.000105312501545995000000000000","0.000337562494678423000000000000"
"1508360422866","-0.000127437495393679000000000000","0.000107874999230262000000000000","0.000343124993378296000000000000"
"1508360422866","-0.000125249993288890000000000000","0.000111187502625398000000000000","0.000346749991877005000000000000"
"1508360422989","-0.000121187498734798000000000000","0.000113062502350658000000000000","0.000349999987520278000000000000"
"1508360422989","-0.000118249998195097000000000000","0.000113437497930136000000000000","0.000352812494384125000000000000"
"1508360422989","-0.000116000002890360000000000000","0.000113812500785571000000000000","0.000358187506208196000000000000"
"1508360423103","-0.000116374998469837000000000000","0.000111562498204876000000000000","0.000362187507562339000000000000"
"1508360423103","-0.000115625000034925000000000000","0.000108624997665174000000000000","0.000367812492186204000000000000"
"1508360423103","-0.000118999996630009000000000000","0.000103812497400213000000000000","0.000372687500203028000000000000"
"1508360423227","-0.000127437495393679000000000000","0.000096062496595550300000000000","0.000357624987373129000000000000"
"1508360423227","-0.000127499995869584000000000000","0.000090875000751111700000000000","0.000288250012090430000000000000"
"1508360423227","-0.000117124996904749000000000000","0.000097187497885897800000000000","0.000264062487985939000000000000"
"1508360423351","-0.000121562501590233000000000000","0.000104937498690560000000000000","0.000260000000707805000000000000"
"1508360423351","-0.000120437500299886000000000000","0.000111562498204876000000000000","0.000255187507718801000000000000"
"1508360423351","-0.000118249998195097000000000000","0.000116000002890360000000000000","0.000252375000854954000000000000"
"1508360423485","-0.000115249997179490000000000000","0.000116000002890360000000000000","0.000249500008067116000000000000"
"1508360423485","-0.000112312496639788000000000000","0.000117499999760184000000000000","0.000249500008067116000000000000"
"1508360423485","-0.000111937501060311000000000000","0.000117124996904749000000000000","0.000249437493039295000000000000"
"1508360423585","-0.000111937501060311000000000000","0.000116750001325272000000000000","0.000248187512625009000000000000"
"1508360423585","-0.000111187502625398000000000000","0.000116374998469837000000000000","0.000249562493991107000000000000"
"1508360423585","-0.000113062502350658000000000000","0.000114562499220483000000000000","0.000249125005211681000000000000"
"1508360423710","-0.000114937502075918000000000000","0.000114937502075918000000000000","0.000250312499701977000000000000"
"1508360423710","-0.000116000002890360000000000000","0.000113437497930136000000000000","0.000252312485827133000000000000"
"1508360423710","-0.000117875002615619000000000000","0.000111937501060311000000000000","0.000253562495345250000000000000"
"1508360423824","-0.000119312499009538000000000000","0.000111187502625398000000000000","0.000257187493843958000000000000"
"1508360423824","-0.000123437494039536000000000000","0.000107874999230262000000000000","0.000261250010225922000000000000"
"1508360423824","-0.000124500002129935000000000000","0.000107125000795349000000000000","0.000265187496552244000000000000"
"1508360423957","-0.000126375001855195000000000000","0.000105312501545995000000000000","0.000272500008577481000000000000"
"1508360423957","-0.000128187501104549000000000000","0.000103062498965301000000000000","0.000277687504421920000000000000"
"1508360423957","-0.000129687497974373000000000000","0.000100124998425599000000000000","0.000283812492853031000000000000"
"1508360424070","-0.000130062500829808000000000000","0.000098999997135251800000000000","0.000292624987196177000000000000"
"1508360424070","-0.000130437503685243000000000000","0.000098999997135251800000000000","0.000299062492558733000000000000"
"1508360424070","-0.000131875000079162000000000000","0.000096812502306420400000000000","0.000307562499074265000000000000"
"1508360424183","-0.000132999994093552000000000000","0.000097937503596767800000000000","0.000313562486553565000000000000"
"1508360424183","-0.000133749999804422000000000000","0.000096812502306420400000000000","0.000318562495522201000000000000"
"1508360424183","-0.000131875000079162000000000000","0.000096812502306420400000000000","0.000320999999530613000000000000"
"1508360424309","-0.000132999994093552000000000000","0.000095687501016072900000000000","0.000321687490213662000000000000"
"1508360424309","-0.000132625005790032000000000000","0.000096437499450985300000000000","0.000324249995173886000000000000"
"1508360424309","-0.000132625005790032000000000000","0.000097562500741332800000000000","0.000325000000884756000000000000"
"1508360424428","-0.000133749999804422000000000000","0.000098625001555774400000000000","0.000324124994222075000000000000"
"1508360424428","-0.000133749999804422000000000000","0.000097562500741332800000000000","0.000323874992318451000000000000"
"1508360424428","-0.000133749999804422000000000000","0.000099750002846121800000000000","0.000321812491165474000000000000"
"1508360424542","-0.000133374996948987000000000000","0.000099374999990686800000000000","0.000320624996675178000000000000"
"1508360424542","-0.000134500005515292000000000000","0.000099750002846121800000000000","0.000320562510751188000000000000"
"1508360424542","-0.000133749999804422000000000000","0.000100500001281034000000000000","0.000320249993819743000000000000"
"1508360424665","-0.000134500005515292000000000000","0.000100500001281034000000000000","0.000321812491165474000000000000"
"1508360424665","-0.000134125002659857000000000000","0.000101625002571382000000000000","0.000320499995723367000000000000"
"1508360424665","-0.000133374996948987000000000000","0.000100124998425599000000000000","0.000321375002386048000000000000"
"1508360424780","-0.000133749999804422000000000000","0.000100874996860512000000000000","0.000320499995723367000000000000"
"1508360424780","-0.000134125002659857000000000000","0.000101625002571382000000000000","0.000319374987157062000000000000"
"1508360424780","-0.000132999994093552000000000000","0.000101625002571382000000000000","0.000319312501233071000000000000"
"1508360424919","-0.000133374996948987000000000000","0.000101249999715947000000000000","0.000319312501233071000000000000"
"1508360424919","-0.000134125002659857000000000000","0.000101625002571382000000000000","0.000317812489811331000000000000"
"1508360424919","-0.000133374996948987000000000000","0.000100500001281034000000000000","0.000317750003887340000000000000"
"1508360425027","-0.000134125002659857000000000000","0.000100500001281034000000000000","0.000319312501233071000000000000"
"1508360425027","-0.000132999994093552000000000000","0.000100124998425599000000000000","0.000319687504088506000000000000"
"1508360425027","-0.000133374996948987000000000000","0.000098999997135251800000000000","0.000320562510751188000000000000"
"1508360425138","-0.000132250002934597000000000000","0.000099374999990686800000000000","0.000323312502587214000000000000"
"1508360425138","-0.000133374996948987000000000000","0.000097937503596767800000000000","0.000322125008096918000000000000"
"1508360425138","-0.000133749999804422000000000000","0.000097562500741332800000000000","0.000324562512105331000000000000"
"1508360425263","-0.000133374996948987000000000000","0.000097937503596767800000000000","0.000324124994222075000000000000"
"1508360425263","-0.000132999994093552000000000000","0.000096437499450985300000000000","0.000324124994222075000000000000"
"1508360425263","-0.000132625005790032000000000000","0.000095312498160637900000000000","0.000325375003740191000000000000"
"1508360425385","-0.000132625005790032000000000000","0.000094249997346196300000000000","0.000324624998029321000000000000"
"1508360425385","-0.000132999994093552000000000000","0.000093125003331806500000000000","0.000327687506796792000000000000"
"1508360425385","-0.000132250002934597000000000000","0.000092000002041459100000000000","0.000327812507748604000000000000"
"1508360425499","-0.000131499997223727000000000000","0.000090499997895676600000000000","0.000329812493873760000000000000"
"1508360425499","-0.000131562497699633000000000000","0.000090187502792105100000000000","0.000330250011757016000000000000"
"1508360425499","-0.000132250002934597000000000000","0.000090187502792105100000000000","0.000331499992171302000000000000"
"1508360425626","-0.000131187494844198000000000000","0.000089062501501757700000000000","0.000332625000737607000000000000"
"1508360425626","-0.000130812506540678000000000000","0.000088687498646322600000000000","0.000332625000737607000000000000"
"1508360425626","-0.000130812506540678000000000000","0.000087187501776497800000000000","0.000333937496179715000000000000"
"1508360425735","-0.000132625005790032000000000000","0.000086812498921062800000000000","0.000335062504746020000000000000"
"1508360425735","-0.000130812506540678000000000000","0.000086125000962056200000000000","0.000335937511408702000000000000"
"1508360425735","-0.000130437503685243000000000000","0.000086125000962056200000000000","0.000336750003043562000000000000"
"1508360425858","-0.000131562497699633000000000000","0.000086125000962056200000000000","0.000335999997332692000000000000"
"1508360425858","-0.000130062500829808000000000000","0.000086812498921062800000000000","0.000335937511408702000000000000"
"1508360425858","-0.000130062500829808000000000000","0.000085749998106621200000000000","0.000335874996380880000000000000"
"1508360425983","-0.000129687497974373000000000000","0.000085375002527143800000000000","0.000335874996380880000000000000"
"1508360425983","-0.000130437503685243000000000000","0.000086125000962056200000000000","0.000335124990670010000000000000"
"1508360425983","-0.000131187494844198000000000000","0.000086125000962056200000000000","0.000336750003043562000000000000"
"1508360426095","-0.000131875000079162000000000000","0.000086125000962056200000000000","0.000335124990670010000000000000"
"1508360426095","-0.000130812506540678000000000000","0.000085749998106621200000000000","0.000335937511408702000000000000"
"1508360426095","-0.000130812506540678000000000000","0.000086499996541533600000000000","0.000335999997332692000000000000"
"1508360426218","-0.000129687497974373000000000000","0.000086125000962056200000000000","0.000336750003043562000000000000"
"1508360426218","-0.000130437503685243000000000000","0.000085375002527143800000000000","0.000336812488967553000000000000"
"1508360426218","-0.000130437503685243000000000000","0.000086499996541533600000000000","0.000335999997332692000000000000"
